YEAR,DATE,TIME,STREET1,ROAD_CLASS,LATITUDE,LONGITUDE,LOCCOORD,ACCLOC,TRAFFCTL,VISIBILITY,LIGHT,RDSFCOND,ACCLASS,IMPACTYPE,INVTYPE,INVAGE,INJURY,PEDESTRIAN,CYCLIST,AUTOMOBILE,MOTORCYCLE,TRUCK,PASSENGER,SPEEDING,REDLIGHT,ALCOHOL,DISABILITY,Record_ID,division_id,district_id
2019,2019/01/17,2122,LENNOX  ST,Major Arterial,43.663756,-79.410678,Intersection,At Intersection,Traffic Signal,Clear,"Dark, artificial",Dry,Fatal,Pedestrian Collisions,Pedestrian,65 to 69,Fatal,True,False,False,False,True,False,False,False,False,False,15322,div2,district1
2019,2019/01/17,2122,LENNOX  ST,Major Arterial,43.663756,-79.410678,Intersection,At Intersection,Traffic Signal,Clear,"Dark, artificial",Dry,Fatal,Pedestrian Collisions,Driver,55 to 59,None,True,False,False,False,True,False,False,False,False,False,15327,div2,district1
2019,2019/03/13,2128,BATHURST ST,Major Arterial,43.652239,-79.405978,Intersection,At Intersection,Traffic Signal,Clear,"Dark, artificial",Dry,Non-Fatal Injury,Pedestrian Collisions,Driver,70 to 74,None,True,False,True,False,False,False,False,False,False,False,15332,div2,district1
2019,2019/03/13,2128,BATHURST ST,Major Arterial,43.652239,-79.405978,Intersection,At Intersection,Traffic Signal,Clear,"Dark, artificial",Dry,Non-Fatal Injury,Pedestrian Collisions,Pedestrian,60 to 64,Major,True,False,True,False,False,False,False,False,False,False,15346,div2,district1
2019,2019/01/19,2115,BATHURST ST,Major Arterial,43.641841,-79.401851,Intersection,At Intersection,Traffic Signal,Snow,"Dark, artificial",Packed Snow,Non-Fatal Injury,Pedestrian Collisions,Driver,25 to 29,None,True,False,True,False,False,False,False,False,False,False,15357,div2,district1
2019,2019/01/19,2115,BATHURST ST,Major Arterial,43.641841,-79.401851,Intersection,At Intersection,Traffic Signal,Snow,"Dark, artificial",Packed Snow,Non-Fatal Injury,Pedestrian Collisions,Pedestrian,40 to 44,Major,True,False,True,False,False,False,False,False,False,False,15368,div2,district1
2018,2018/10/10,939,OSSINGTON AVE,Major Arterial,43.654326,-79.422664,Intersection,At Intersection,Traffic Signal,Clear,Daylight,Dry,Non-Fatal Injury,Pedestrian Collisions,Driver,45 to 49,None,True,False,True,False,False,False,False,False,False,False,15480,div2,district1
2018,2018/10/10,939,OSSINGTON AVE,Major Arterial,43.654326,-79.422664,Intersection,At Intersection,Traffic Signal,Clear,Daylight,Dry,Non-Fatal Injury,Pedestrian Collisions,Pedestrian,75 to 79,Major,True,False,True,False,False,False,False,False,False,False,15488,div2,district1
2019,2019/06/15,48,QUEEN ST W,Major Arterial,43.642134,-79.4286,Intersection,At Intersection,Traffic Signal,Clear,"Dark, artificial",Dry,Non-Fatal Injury,Cyclist Collisions,Driver,20 to 24,None,False,True,True,False,False,False,False,False,False,False,15522,div2,district1
2019,2019/06/15,48,QUEEN ST W,Major Arterial,43.642134,-79.4286,Intersection,At Intersection,Traffic Signal,Clear,"Dark, artificial",Dry,Non-Fatal Injury,Cyclist Collisions,Cyclist,45 to 49,Major,False,True,True,False,False,False,False,False,False,False,15531,div2,district1
2019,2019/05/06,1320,DUNDAS ST W,Major Arterial,43.65148,-79.409679,Intersection,At Intersection,Stop Sign,Clear,Daylight,Dry,Non-Fatal Injury,Cyclist Collisions,Driver,70 to 74,None,False,True,True,False,False,True,False,False,False,False,15537,div2,district1
2019,2019/05/06,1320,DUNDAS ST W,Major Arterial,43.65148,-79.409679,Intersection,At Intersection,Stop Sign,Clear,Daylight,Dry,Non-Fatal Injury,Cyclist Collisions,Cyclist,65 to 69,Major,False,True,True,False,False,True,False,False,False,False,15539,div2,district1
2019,2019/05/06,1320,DUNDAS ST W,Major Arterial,43.65148,-79.409679,Intersection,At Intersection,Stop Sign,Clear,Daylight,Dry,Non-Fatal Injury,Cyclist Collisions,Passenger,60 to 64,None,False,True,True,False,False,True,False,False,False,False,15549,div2,district1
2018,2018/11/19,1353,828 DUNDAS ST W,Major Arterial,43.65148,-79.409694,Intersection,Intersection Related,No Control,Clear,Daylight,Dry,Non-Fatal Injury,SMV Other,Driver,65 to 69,Major,False,False,True,False,False,False,False,False,False,True,15558,div2,district1
2018,2018/11/19,1353,828 DUNDAS ST W,Major Arterial,43.65148,-79.409694,Intersection,Intersection Related,No Control,Clear,Daylight,Dry,Non-Fatal Injury,SMV Other,Other,unknown,None,False,False,True,False,False,False,False,False,False,True,15568,div2,district1
2019,2019/07/22,21,OSSINGTON AVE,Major Arterial,43.661914,-79.425617,Intersection,At Intersection,Traffic Signal,Clear,"Dark, artificial",Dry,Non-Fatal Injury,Turning Movement,Motorcycle Driver,20 to 24,Major,False,False,False,True,False,False,True,False,False,False,15581,div2,district1
2019,2019/07/22,21,OSSINGTON AVE,Major Arterial,43.661914,-79.425617,Intersection,At Intersection,Traffic Signal,Clear,"Dark, artificial",Dry,Non-Fatal Injury,Turning Movement,Driver,30 to 34,None,False,False,False,True,False,False,True,False,False,False,15585,div2,district1
2018,2018/10/18,840,1491 LAKE SHORE BLVD W,Major Arterial,43.636378,-79.444034,Mid-Block,Non Intersection,No Control,Clear,Daylight,Dry,Non-Fatal Injury,Approaching,Driver,25 to 29,Major,False,False,True,False,True,False,True,False,False,False,15599,div2,district1
2018,2018/10/18,840,1491 LAKE SHORE BLVD W,Major Arterial,43.636378,-79.444034,Mid-Block,Non Intersection,No Control,Clear,Daylight,Dry,Non-Fatal Injury,Approaching,Truck Driver,60 to 64,None,False,False,True,False,True,False,True,False,False,False,15611,div2,district1
2018,2018/10/18,1217,OSSINGTON AVE,Minor Arterial,43.663294,-79.426227,Mid-Block,Non Intersection,No Control,Clear,Daylight,Dry,Fatal,Pedestrian Collisions,Driver,30 to 34,None,True,False,True,False,False,False,False,False,False,False,15618,div2,district1
2018,2018/10/18,1217,OSSINGTON AVE,Minor Arterial,43.663294,-79.426227,Mid-Block,Non Intersection,No Control,Clear,Daylight,Dry,Fatal,Pedestrian Collisions,Pedestrian,Over 95,Fatal,True,False,True,False,False,False,False,False,False,False,15624,div2,district1
2018,2018/10/19,1844,KING ST W,Major Arterial,43.637671,-79.433238,Intersection,At Intersection,Traffic Signal,Clear,"Dark, artificial",Dry,Non-Fatal Injury,Pedestrian Collisions,Driver,65 to 69,None,True,False,True,False,False,True,False,False,False,False,15658,div2,district1
2018,2018/10/19,1844,KING ST W,Major Arterial,43.637671,-79.433238,Intersection,At Intersection,Traffic Signal,Clear,"Dark, artificial",Dry,Non-Fatal Injury,Pedestrian Collisions,Pedestrian,45 to 49,Major,True,False,True,False,False,True,False,False,False,False,15668,div2,district1
2018,2018/10/19,1844,KING ST W,Major Arterial,43.637671,-79.433238,Intersection,At Intersection,Traffic Signal,Clear,"Dark, artificial",Dry,Non-Fatal Injury,Pedestrian Collisions,Passenger,55 to 59,None,True,False,True,False,False,True,False,False,False,False,15677,div2,district1
2019,2019/08/20,1522,BATHURST ST,Major Arterial,43.673079,-79.414348,Intersection,At Intersection,Traffic Signal,Clear,Daylight,Dry,Non-Fatal Injury,SMV Other,Motorcycle Driver,50 to 54,Major,False,False,False,True,False,False,False,False,False,False,15683,div2,district1
2019,2019/05/17,2100,DUFFERIN ST,Major Arterial,43.642134,-79.4286,Intersection,At Intersection,Traffic Signal,Clear,"Dark, artificial",Dry,Non-Fatal Injury,Turning Movement,Driver,65 to 69,None,False,False,True,True,False,False,False,False,False,False,15694,div2,district1
2019,2019/05/17,2100,DUFFERIN ST,Major Arterial,43.642134,-79.4286,Intersection,At Intersection,Traffic Signal,Clear,"Dark, artificial",Dry,Non-Fatal Injury,Turning Movement,Motorcycle Driver,30 to 34,Major,False,False,True,True,False,False,False,False,False,False,15705,div2,district1
2019,2019/05/19,1154,KING ST W,Major Arterial,43.637103,-79.435993,Intersection,At Intersection,Traffic Signal,Clear,Daylight,Dry,Non-Fatal Injury,Pedestrian Collisions,Driver,25 to 29,None,True,False,True,False,False,False,False,False,False,False,15717,div2,district1
2019,2019/05/19,1154,KING ST W,Major Arterial,43.637103,-79.435993,Intersection,At Intersection,Traffic Signal,Clear,Daylight,Dry,Non-Fatal Injury,Pedestrian Collisions,Driver,65 to 69,None,True,False,True,False,False,False,False,False,False,False,15730,div2,district1
2019,2019/05/19,1154,KING ST W,Major Arterial,43.637103,-79.435993,Intersection,At Intersection,Traffic Signal,Clear,Daylight,Dry,Non-Fatal Injury,Pedestrian Collisions,Pedestrian,55 to 59,Major,True,False,True,False,False,False,False,False,False,False,15738,div2,district1
2019,2019/05/21,1143,QUEEN ST W,Major Arterial,43.644652,-79.416263,Intersection,At Intersection,Traffic Signal,Clear,Daylight,Dry,Non-Fatal Injury,Pedestrian Collisions,Driver,75 to 79,None,True,False,True,False,False,False,False,False,False,False,15767,div2,district1
2019,2019/05/21,1143,QUEEN ST W,Major Arterial,43.644652,-79.416263,Intersection,At Intersection,Traffic Signal,Clear,Daylight,Dry,Non-Fatal Injury,Pedestrian Collisions,Pedestrian,80 to 84,Major,True,False,True,False,False,False,False,False,False,False,15777,div2,district1
2019,2019/05/22,1439,RICHMOND ST W,Major Arterial,43.647265,-79.399349,Intersection,At Intersection,No Control,Clear,Daylight,Dry,Non-Fatal Injury,Pedestrian Collisions,Truck Driver,35 to 39,None,True,False,False,False,True,False,False,False,False,False,15801,div2,district1
2019,2019/05/22,1439,RICHMOND ST W,Major Arterial,43.647265,-79.399349,Intersection,At Intersection,No Control,Clear,Daylight,Dry,Non-Fatal Injury,Pedestrian Collisions,Pedestrian,45 to 49,Major,True,False,False,False,True,False,False,False,False,False,15809,div2,district1
2019,2019/04/10,1515,QUEEN ST W,Major Arterial,43.644652,-79.416263,Intersection,At Intersection,Traffic Signal,Clear,Daylight,Dry,Non-Fatal Injury,Cyclist Collisions,Driver,35 to 39,None,False,True,True,False,False,False,False,False,False,False,15877,div2,district1
2019,2019/04/10,1515,QUEEN ST W,Major Arterial,43.644652,-79.416263,Intersection,At Intersection,Traffic Signal,Clear,Daylight,Dry,Non-Fatal Injury,Cyclist Collisions,Cyclist,unknown,Major,False,True,True,False,False,False,False,False,False,False,15888,div2,district1
2019,2019/07/31,1748,220 DOVERCOURT RD,Collector,43.647738,-79.424083,Intersection,Intersection Related,No Control,Clear,Daylight,Dry,Non-Fatal Injury,Cyclist Collisions,Driver,30 to 34,None,False,True,True,False,False,True,False,False,False,False,15927,div2,district1
2019,2019/07/31,1748,220 DOVERCOURT RD,Collector,43.647738,-79.424083,Intersection,Intersection Related,No Control,Clear,Daylight,Dry,Non-Fatal Injury,Cyclist Collisions,Cyclist,15 to 19,Major,False,True,True,False,False,True,False,False,False,False,15938,div2,district1
2019,2019/07/31,1748,220 DOVERCOURT RD,Collector,43.647738,-79.424083,Intersection,Intersection Related,No Control,Clear,Daylight,Dry,Non-Fatal Injury,Cyclist Collisions,Passenger,25 to 29,None,False,True,True,False,False,True,False,False,False,False,15949,div2,district1
2019,2019/07/31,1748,220 DOVERCOURT RD,Collector,43.647738,-79.424083,Intersection,Intersection Related,No Control,Clear,Daylight,Dry,Non-Fatal Injury,Cyclist Collisions,Passenger,25 to 29,None,False,True,True,False,False,True,False,False,False,False,15951,div2,district1
2019,2019/07/31,2147,QUEEN ST W,Major Arterial,43.642573,-79.426486,Mid-Block,Non Intersection,No Control,Clear,"Dark, artificial",Dry,Non-Fatal Injury,Pedestrian Collisions,Driver,30 to 34,None,True,False,True,False,False,True,False,False,False,False,15959,div2,district1
2019,2019/07/31,2147,QUEEN ST W,Major Arterial,43.642573,-79.426486,Mid-Block,Non Intersection,No Control,Clear,"Dark, artificial",Dry,Non-Fatal Injury,Pedestrian Collisions,Driver - Not Hit,30 to 34,None,True,False,True,False,False,True,False,False,False,False,15965,div2,district1
2019,2019/07/31,2147,QUEEN ST W,Major Arterial,43.642573,-79.426486,Mid-Block,Non Intersection,No Control,Clear,"Dark, artificial",Dry,Non-Fatal Injury,Pedestrian Collisions,Passenger,30 to 34,None,True,False,True,False,False,True,False,False,False,False,15970,div2,district1
2019,2019/05/30,2236,LAKE SHORE BLVD W,Major Arterial,43.630351,-79.419742,Intersection,At Intersection,Traffic Signal,Clear,"Dark, artificial",Dry,Non-Fatal Injury,Turning Movement,Driver,20 to 24,None,False,False,True,True,False,True,False,False,False,False,15972,div2,district1
2019,2019/05/30,2236,LAKE SHORE BLVD W,Major Arterial,43.630351,-79.419742,Intersection,At Intersection,Traffic Signal,Clear,"Dark, artificial",Dry,Non-Fatal Injury,Turning Movement,Motorcycle Driver,20 to 24,Major,False,False,True,True,False,True,False,False,False,False,15977,div2,district1
2019,2019/07/31,2147,QUEEN ST W,Major Arterial,43.642573,-79.426486,Mid-Block,Non Intersection,No Control,Clear,"Dark, artificial",Dry,Non-Fatal Injury,Pedestrian Collisions,Pedestrian,35 to 39,Major,True,False,True,False,False,True,False,False,False,False,15984,div2,district1
2019,2019/05/30,2236,LAKE SHORE BLVD W,Major Arterial,43.630351,-79.419742,Intersection,At Intersection,Traffic Signal,Clear,"Dark, artificial",Dry,Non-Fatal Injury,Turning Movement,Passenger,20 to 24,None,False,False,True,True,False,True,False,False,False,False,15985,div2,district1
2020,2020/06/11,219,F G GARDINER XY  E,Expressway,43.63383,-79.437084,Mid-Block,Non Intersection,No Control,Rain,"Dark, artificial",Wet,Non-Fatal Injury,SMV Other,Passenger,20 to 24,Major,False,False,True,False,False,True,True,False,False,False,16006,div2,district1
2020,2020/09/20,1812,DUNDAS ST W,Major Arterial,43.651957,-79.402225,Intersection,At Intersection,Traffic Signal,Clear,Daylight,Dry,Fatal,Cyclist Collisions,Cyclist,35 to 39,Fatal,False,True,True,False,False,False,False,False,False,False,16014,div2,district1
2020,2020/09/20,1812,DUNDAS ST W,Major Arterial,43.651957,-79.402225,Intersection,At Intersection,Traffic Signal,Clear,Daylight,Dry,Fatal,Cyclist Collisions,Driver,65 to 69,None,False,True,True,False,False,False,False,False,False,False,16015,div2,district1
2020,2020/10/08,2330,COLLEGE ST,Major Arterial,43.652789,-79.430248,Mid-Block,Non Intersection,No Control,Clear,"Dark, artificial",Dry,Fatal,SMV Unattended Vehicle,Other,unknown,None,False,False,True,True,False,False,False,False,False,False,16051,div2,district1
2020,2020/10/08,2330,COLLEGE ST,Major Arterial,43.652789,-79.430248,Mid-Block,Non Intersection,No Control,Clear,"Dark, artificial",Dry,Fatal,SMV Unattended Vehicle,Motorcycle Driver,35 to 39,Fatal,False,False,True,True,False,False,False,False,False,False,16052,div2,district1
2020,2020/10/24,1621,DUPONT ST,Major Arterial,43.671549,-79.421504,Intersection,Intersection Related,Traffic Signal,Clear,Daylight,Dry,Fatal,Pedestrian Collisions,Pedestrian,70 to 74,Fatal,True,False,True,False,False,False,False,False,False,True,16077,div2,district1
2020,2020/10/24,1621,DUPONT ST,Major Arterial,43.671549,-79.421504,Intersection,Intersection Related,Traffic Signal,Clear,Daylight,Dry,Fatal,Pedestrian Collisions,Driver,70 to 74,Minimal,True,False,True,False,False,False,False,False,False,True,16078,div2,district1
2020,2020/10/28,1241,DUFFERIN ST,Major Arterial,43.659812,-79.435321,Intersection,Intersection Related,Traffic Signal,Clear,Daylight,Dry,Non-Fatal Injury,Cyclist Collisions,Cyclist,30 to 34,Major,False,True,False,False,True,False,False,False,False,False,16079,div2,district1
2020,2020/10/28,1241,DUFFERIN ST,Major Arterial,43.659812,-79.435321,Intersection,Intersection Related,Traffic Signal,Clear,Daylight,Dry,Non-Fatal Injury,Cyclist Collisions,Driver,20 to 24,None,False,True,False,False,True,False,False,False,False,False,16080,div2,district1
2020,2020/12/02,1829,DUFFERIN ST,Major Arterial,43.654608,-79.433322,Intersection,Intersection Related,No Control,Clear,Daylight,Dry,Fatal,Cyclist Collisions,Cyclist,20 to 24,Fatal,False,True,True,False,False,False,False,False,False,False,16358,div2,district1
2020,2020/12/02,1829,DUFFERIN ST,Major Arterial,43.654608,-79.433322,Intersection,Intersection Related,No Control,Clear,Daylight,Dry,Fatal,Cyclist Collisions,Driver,35 to 39,None,False,True,True,False,False,False,False,False,False,False,16364,div2,district1
2020,2020/12/02,1829,DUFFERIN ST,Major Arterial,43.654608,-79.433322,Intersection,Intersection Related,No Control,Clear,Daylight,Dry,Fatal,Cyclist Collisions,Driver,30 to 34,None,False,True,True,False,False,False,False,False,False,False,16365,div2,district1
2021,2021/01/07,1610,1582 KING ST W,Major Arterial,43.638014,-79.444782,Mid-Block,Non Intersection,No Control,Clear,Daylight,Dry,Non-Fatal Injury,Pedestrian Collisions,Driver,50 to 54,None,True,False,False,False,False,False,False,False,False,False,16414,div2,district1
2021,2021/01/07,1610,1582 KING ST W,Major Arterial,43.638014,-79.444782,Mid-Block,Non Intersection,No Control,Clear,Daylight,Dry,Non-Fatal Injury,Pedestrian Collisions,Pedestrian,30 to 34,Major,True,False,False,False,False,False,False,False,False,False,16415,div2,district1
2020,2020/01/11,1625,FORT YORK BLVD,Local,43.639331,-79.39796,Intersection,At Intersection,Traffic Signal,Rain,Dark,Wet,Non-Fatal Injury,Pedestrian Collisions,Driver,unknown,None,True,False,True,False,False,False,False,False,False,False,16585,div2,district1
2020,2020/01/11,1625,FORT YORK BLVD,Local,43.639331,-79.39796,Intersection,At Intersection,Traffic Signal,Rain,Dark,Wet,Non-Fatal Injury,Pedestrian Collisions,Pedestrian,25 to 29,Major,True,False,True,False,False,False,False,False,False,False,16594,div2,district1
2020,2020/05/02,459,CRAWFORD ST,Local,43.649356,-79.416789,Mid-Block,Non Intersection,No Control,Clear,"Dark, artificial",Dry,Non-Fatal Injury,Pedestrian Collisions,Driver,50 to 54,None,True,False,True,False,False,False,False,False,False,False,16604,div2,district1
2020,2020/05/02,459,CRAWFORD ST,Local,43.649356,-79.416789,Mid-Block,Non Intersection,No Control,Clear,"Dark, artificial",Dry,Non-Fatal Injury,Pedestrian Collisions,Pedestrian,35 to 39,Major,True,False,True,False,False,False,False,False,False,False,16612,div2,district1
2021,2021/03/04,1143,QUEEN ST W,Major Arterial,43.63988,-79.439822,Intersection,Intersection Related,No Control,Clear,Daylight,Dry,Non-Fatal Injury,Pedestrian Collisions,Driver,25 to 29,None,True,False,False,False,False,True,False,False,False,False,16617,div2,district1
2021,2021/03/04,1143,QUEEN ST W,Major Arterial,43.63988,-79.439822,Intersection,Intersection Related,No Control,Clear,Daylight,Dry,Non-Fatal Injury,Pedestrian Collisions,Passenger,20 to 24,None,True,False,False,False,False,True,False,False,False,False,16628,div2,district1
2021,2021/03/04,1143,QUEEN ST W,Major Arterial,43.63988,-79.439822,Intersection,Intersection Related,No Control,Clear,Daylight,Dry,Non-Fatal Injury,Pedestrian Collisions,Passenger,65 to 69,None,True,False,False,False,False,True,False,False,False,False,16635,div2,district1
2020,2020/07/20,120,911A ADELAIDE ST W,Collector,43.642802,-79.414745,Mid-Block,Non Intersection,No Control,Clear,Dark,Dry,Non-Fatal Injury,Pedestrian Collisions,Driver,50 to 54,None,True,False,True,False,False,False,False,False,False,False,16638,div2,district1
2021,2021/03/04,1143,QUEEN ST W,Major Arterial,43.63988,-79.439822,Intersection,Intersection Related,No Control,Clear,Daylight,Dry,Non-Fatal Injury,Pedestrian Collisions,Pedestrian,60 to 64,Major,True,False,False,False,False,True,False,False,False,False,16644,div2,district1
2020,2020/07/20,120,911A ADELAIDE ST W,Collector,43.642802,-79.414745,Mid-Block,Non Intersection,No Control,Clear,Dark,Dry,Non-Fatal Injury,Pedestrian Collisions,Pedestrian,25 to 29,Major,True,False,True,False,False,False,False,False,False,False,16645,div2,district1
2020,2020/09/01,1238,BLOOR ST W,Major Arterial,43.660174,-79.433826,Intersection,At Intersection,No Control,Clear,Daylight,Dry,Non-Fatal Injury,Cyclist Collisions,Driver,50 to 54,None,False,True,True,False,False,False,False,False,False,False,16648,div2,district1
2020,2020/09/01,1238,BLOOR ST W,Major Arterial,43.660174,-79.433826,Intersection,At Intersection,No Control,Clear,Daylight,Dry,Non-Fatal Injury,Cyclist Collisions,Cyclist,50 to 54,Major,False,True,True,False,False,False,False,False,False,False,16655,div2,district1
2020,2020/09/02,937,BATHURST ST,Major Arterial,43.647952,-79.404285,Intersection,At Intersection,No Control,Clear,Daylight,Dry,Non-Fatal Injury,Other,Driver,45 to 49,None,False,False,False,False,False,True,False,False,False,False,16670,div2,district1
2020,2020/09/02,937,BATHURST ST,Major Arterial,43.647952,-79.404285,Intersection,At Intersection,No Control,Clear,Daylight,Dry,Non-Fatal Injury,Other,Passenger,35 to 39,Major,False,False,False,False,False,True,False,False,False,False,16672,div2,district1
2021,2021/03/14,1804,DUNDAS ST W,Major Arterial,43.652239,-79.405978,Intersection,At Intersection,Traffic Signal,Clear,Daylight,Dry,Non-Fatal Injury,Cyclist Collisions,Driver,30 to 34,None,False,True,True,False,False,False,False,False,False,False,16676,div2,district1
2021,2021/03/14,1804,DUNDAS ST W,Major Arterial,43.652239,-79.405978,Intersection,At Intersection,Traffic Signal,Clear,Daylight,Dry,Non-Fatal Injury,Cyclist Collisions,Cyclist,40 to 44,Major,False,True,True,False,False,False,False,False,False,False,16684,div2,district1
2020,2020/07/30,953,746 OSSINGTON AVE,Minor Arterial,43.662532,-79.425884,Mid-Block,At/Near Private Drive,No Control,Clear,Daylight,Dry,Non-Fatal Injury,Pedestrian Collisions,Driver,40 to 44,None,True,False,False,False,False,False,False,False,False,False,16789,div2,district1
2020,2020/07/30,953,746 OSSINGTON AVE,Minor Arterial,43.662532,-79.425884,Mid-Block,At/Near Private Drive,No Control,Clear,Daylight,Dry,Non-Fatal Injury,Pedestrian Collisions,Pedestrian,70 to 74,Major,True,False,False,False,False,False,False,False,False,False,16797,div2,district1
2021,2021/04/04,2120,LAKE SHORE  BLVD W,Major Arterial,43.636412,-79.399608,Intersection,At Intersection,Traffic Signal,Clear,"Dark, artificial",Dry,Non-Fatal Injury,Pedestrian Collisions,Driver,25 to 29,None,True,False,True,False,False,False,False,False,False,False,16931,div2,district1
2021,2021/04/04,2120,LAKE SHORE  BLVD W,Major Arterial,43.636412,-79.399608,Intersection,At Intersection,Traffic Signal,Clear,"Dark, artificial",Dry,Non-Fatal Injury,Pedestrian Collisions,Pedestrian,25 to 29,Major,True,False,True,False,False,False,False,False,False,False,16949,div2,district1
2020,2020/06/09,2148,DUFFERIN ST,Major Arterial,43.659812,-79.435321,Intersection,Intersection Related,No Control,Clear,"Dark, artificial",Dry,Non-Fatal Injury,Cyclist Collisions,Driver,20 to 24,None,False,True,True,False,False,True,False,False,False,False,16976,div2,district1
2020,2020/06/09,2148,DUFFERIN ST,Major Arterial,43.659812,-79.435321,Intersection,Intersection Related,No Control,Clear,"Dark, artificial",Dry,Non-Fatal Injury,Cyclist Collisions,Cyclist,50 to 54,Major,False,True,True,False,False,True,False,False,False,False,16978,div2,district1
2020,2020/06/09,2148,DUFFERIN ST,Major Arterial,43.659812,-79.435321,Intersection,Intersection Related,No Control,Clear,"Dark, artificial",Dry,Non-Fatal Injury,Cyclist Collisions,Passenger,20 to 24,None,False,True,True,False,False,True,False,False,False,False,16980,div2,district1
2020,2020/06/11,219,F G GARDINER XY  E,Expressway,43.63383,-79.437084,Mid-Block,Non Intersection,No Control,Rain,"Dark, artificial",Wet,Non-Fatal Injury,SMV Other,Driver,20 to 24,Major,False,False,True,False,False,True,True,False,False,False,17000,div2,district1
2022,2022/08/05,1640,DUPONT ST,Major Arterial,43.670024,-79.428989,Intersection,Intersection Related,Traffic Signal,Clear,Daylight,Dry,Property Damage Only,Other,Driver,40 to 44,None,False,False,False,False,False,False,False,False,False,False,17060,div2,district1
2022,2022/08/05,1640,DUPONT ST,Major Arterial,43.670024,-79.428989,Intersection,Intersection Related,Traffic Signal,Clear,Daylight,Dry,Property Damage Only,Other,Other,55 to 59,Major,False,False,False,False,False,False,False,False,False,False,17061,div2,district1
2022,2022/08/12,2105,LAKE SHORE BLVD W [E/B],Major Arterial,43.631171,-79.429263,Mid-Block,Non Intersection,Traffic Signal,Clear,Daylight,Dry,Non-Fatal Injury,Pedestrian Collisions,Driver,40 to 44,None,True,False,True,False,False,False,False,False,False,False,17085,div2,district1
2022,2022/08/12,2105,LAKE SHORE BLVD W [E/B],Major Arterial,43.631171,-79.429263,Mid-Block,Non Intersection,Traffic Signal,Clear,Daylight,Dry,Non-Fatal Injury,Pedestrian Collisions,Pedestrian,30 to 34,Major,True,False,True,False,False,False,False,False,False,False,17086,div2,district1
2022,2022/08/18,30,F G GARDINER XY  W,Expressway,43.636424,-79.415782,Mid-Block,Non Intersection,No Control,Clear,"Dark, artificial",Dry,Non-Fatal Injury,Rear End,Motorcycle Driver,45 to 49,Major,False,False,True,True,False,False,False,False,False,False,17092,div2,district1
2022,2022/08/18,30,F G GARDINER XY  W,Expressway,43.636424,-79.415782,Mid-Block,Non Intersection,No Control,Clear,"Dark, artificial",Dry,Non-Fatal Injury,Rear End,Driver,25 to 29,None,False,False,True,True,False,False,False,False,False,False,17093,div2,district1
2021,2021/09/18,2349,MANITOBA DR,Local,43.636195,-79.410236,Mid-Block,Non Intersection,No Control,Clear,"Dark, artificial",Dry,Non-Fatal Injury,SMV Other,Driver,55 to 59,None,True,False,True,False,False,False,False,False,False,False,17132,div2,district1
2021,2021/09/18,2349,MANITOBA DR,Local,43.636195,-79.410236,Mid-Block,Non Intersection,No Control,Clear,"Dark, artificial",Dry,Non-Fatal Injury,SMV Other,Pedestrian,25 to 29,Major,True,False,True,False,False,False,False,False,False,False,17133,div2,district1
2021,2021/07/26,1532,FRONT ST W,Major Arterial,43.642672,-79.393901,Intersection,At Intersection,Traffic Controller,Clear,Daylight,Dry,Non-Fatal Injury,SMV Other,Driver,65 to 69,None,True,False,True,False,False,False,False,False,False,False,17220,div2,district1
2022,2022/08/27,2220,F G GARDINER XY  E,Expressway,43.63666,-79.414516,Mid-Block,Non Intersection,No Control,Clear,"Dark, artificial",Dry,Non-Fatal Injury,Rear End,Motorcycle Driver,30 to 34,Major,False,False,True,True,False,True,False,False,False,False,17223,div2,district1
2021,2021/07/26,1532,FRONT ST W,Major Arterial,43.642672,-79.393901,Intersection,At Intersection,Traffic Controller,Clear,Daylight,Dry,Non-Fatal Injury,SMV Other,Pedestrian,55 to 59,Major,True,False,True,False,False,False,False,False,False,False,17227,div2,district1
2021,2021/08/01,54,LAKE SHORE BLVD W,Major Arterial,43.636386,-79.399608,Intersection,At Intersection,Traffic Signal,Clear,"Dark, artificial",Dry,Non-Fatal Injury,Angle,Driver,30 to 34,Minimal,False,False,True,False,False,True,False,True,False,False,17234,div2,district1
2021,2021/08/01,54,LAKE SHORE BLVD W,Major Arterial,43.636386,-79.399608,Intersection,At Intersection,Traffic Signal,Clear,"Dark, artificial",Dry,Non-Fatal Injury,Angle,Driver,40 to 44,Major,False,False,True,False,False,True,False,True,False,False,17235,div2,district1
2022,2022/06/14,1159,836 BLOOR ST W,Major Arterial,43.662306,-79.423663,Mid-Block,Non Intersection,No Control,Clear,Daylight,Dry,Non-Fatal Injury,Pedestrian Collisions,Cyclist,20 to 24,Minimal,True,True,False,False,False,False,False,False,False,False,17236,div2,district1
2021,2021/08/01,54,LAKE SHORE BLVD W,Major Arterial,43.636386,-79.399608,Intersection,At Intersection,Traffic Signal,Clear,"Dark, artificial",Dry,Non-Fatal Injury,Angle,Passenger,30 to 34,Minimal,False,False,True,False,False,True,False,True,False,False,17237,div2,district1
2021,2021/08/13,2355,800 BATHURST ST,Major Arterial,43.665877,-79.411548,Mid-Block,Non Intersection,No Control,Clear,"Dark, artificial",Dry,Non-Fatal Injury,SMV Other,Driver,50 to 54,None,True,False,True,False,False,False,False,False,False,False,17257,div2,district1