YEAR,DATE,TIME,STREET1,ROAD_CLASS,LATITUDE,LONGITUDE,LOCCOORD,ACCLOC,TRAFFCTL,VISIBILITY,LIGHT,RDSFCOND,ACCLASS,IMPACTYPE,INVTYPE,INVAGE,INJURY,PEDESTRIAN,CYCLIST,AUTOMOBILE,MOTORCYCLE,TRUCK,PASSENGER,SPEEDING,REDLIGHT,ALCOHOL,DISABILITY,Record_ID,division_id,district_id
2019,2019/10/10,932,LOWER SIMCOE ST,Collector,43.63943,-79.382686,Mid-Block,Intersection Related,No Control,Clear,Daylight,Dry,Non-Fatal Injury,Turning Movement,Motorcycle Driver,50 to 54,Major,False,False,True,True,False,False,False,False,False,False,15105,div4,district1
2019,2019/10/10,932,LOWER SIMCOE ST,Collector,43.63943,-79.382686,Mid-Block,Intersection Related,No Control,Clear,Daylight,Dry,Non-Fatal Injury,Turning Movement,Driver,40 to 44,None,False,False,True,True,False,False,False,False,False,False,15106,div4,district1
2019,2019/03/09,231,LAKE SHORE BLVD W,Major Arterial,43.642932,-79.37778,Intersection,At Intersection,Traffic Signal,Clear,"Dark, artificial",Dry,Non-Fatal Injury,Rear End,Driver,35 to 39,Minor,False,False,True,False,False,True,False,False,True,False,15142,div4,district1
2019,2019/08/03,1500,55 KING ST W,Major Arterial,43.64836,-79.381206,Mid-Block,Non Intersection,No Control,Clear,Daylight,Dry,Non-Fatal Injury,Pedestrian Collisions,Driver,25 to 29,Minor,True,False,True,False,False,False,False,False,False,False,15149,div4,district1
2019,2019/03/09,231,LAKE SHORE BLVD W,Major Arterial,43.642932,-79.37778,Intersection,At Intersection,Traffic Signal,Clear,"Dark, artificial",Dry,Non-Fatal Injury,Rear End,Driver,50 to 54,Minor,False,False,True,False,False,True,False,False,True,False,15155,div4,district1
2019,2019/08/03,1500,55 KING ST W,Major Arterial,43.64836,-79.381206,Mid-Block,Non Intersection,No Control,Clear,Daylight,Dry,Non-Fatal Injury,Pedestrian Collisions,Pedestrian,15 to 19,Major,True,False,True,False,False,False,False,False,False,False,15157,div4,district1
2019,2019/03/09,231,LAKE SHORE BLVD W,Major Arterial,43.642932,-79.37778,Intersection,At Intersection,Traffic Signal,Clear,"Dark, artificial",Dry,Non-Fatal Injury,Rear End,Passenger,15 to 19,Major,False,False,True,False,False,True,False,False,True,False,15161,div4,district1
2019,2019/08/03,1500,55 KING ST W,Major Arterial,43.64836,-79.381206,Mid-Block,Non Intersection,No Control,Clear,Daylight,Dry,Non-Fatal Injury,Pedestrian Collisions,Pedestrian,15 to 19,Minor,True,False,True,False,False,False,False,False,False,False,15163,div4,district1
2019,2019/03/09,231,LAKE SHORE BLVD W,Major Arterial,43.642932,-79.37778,Intersection,At Intersection,Traffic Signal,Clear,"Dark, artificial",Dry,Non-Fatal Injury,Rear End,Passenger,15 to 19,Minor,False,False,True,False,False,True,False,False,True,False,15169,div4,district1
2019,2019/08/03,1500,55 KING ST W,Major Arterial,43.64836,-79.381206,Mid-Block,Non Intersection,No Control,Clear,Daylight,Dry,Non-Fatal Injury,Pedestrian Collisions,Pedestrian,15 to 19,Minimal,True,False,True,False,False,False,False,False,False,False,15172,div4,district1
2019,2019/03/09,231,LAKE SHORE BLVD W,Major Arterial,43.642932,-79.37778,Intersection,At Intersection,Traffic Signal,Clear,"Dark, artificial",Dry,Non-Fatal Injury,Rear End,Passenger,20 to 24,Minor,False,False,True,False,False,True,False,False,True,False,15177,div4,district1
2019,2019/03/09,231,LAKE SHORE BLVD W,Major Arterial,43.642932,-79.37778,Intersection,At Intersection,Traffic Signal,Clear,"Dark, artificial",Dry,Non-Fatal Injury,Rear End,Passenger,15 to 19,Minor,False,False,True,False,False,True,False,False,True,False,15183,div4,district1
2019,2019/01/15,555,155 UNIVERSITY AVE,Major Arterial,43.648467,-79.38531,Mid-Block,Laneway,No Control,Clear,"Dark, artificial",Dry,Fatal,Pedestrian Collisions,Pedestrian,55 to 59,Fatal,True,False,False,False,True,False,False,False,False,False,15252,div4,district1
2019,2019/01/15,555,155 UNIVERSITY AVE,Major Arterial,43.648467,-79.38531,Mid-Block,Laneway,No Control,Clear,"Dark, artificial",Dry,Fatal,Pedestrian Collisions,Driver,25 to 29,None,True,False,False,False,True,False,False,False,False,False,15260,div4,district1
2019,2019/03/13,1650,BAY ST,Major Arterial,43.651099,-79.38129,Intersection,At Intersection,Traffic Signal,Clear,Daylight,Dry,Non-Fatal Injury,Pedestrian Collisions,Driver,55 to 59,None,True,False,False,False,False,False,False,False,False,False,15309,div4,district1
2019,2019/03/13,1650,BAY ST,Major Arterial,43.651099,-79.38129,Intersection,At Intersection,Traffic Signal,Clear,Daylight,Dry,Non-Fatal Injury,Pedestrian Collisions,Pedestrian,50 to 54,Major,True,False,False,False,False,False,False,False,False,False,15320,div4,district1
2019,2019/04/24,1005,UNIVERSITY AVE,Major Arterial,43.654719,-79.388271,Intersection,At Intersection,Traffic Signal,Clear,Daylight,Dry,Non-Fatal Injury,Pedestrian Collisions,Driver,60 to 64,None,True,False,True,False,False,False,False,False,False,False,15341,div4,district1
2019,2019/04/24,1005,UNIVERSITY AVE,Major Arterial,43.654719,-79.388271,Intersection,At Intersection,Traffic Signal,Clear,Daylight,Dry,Non-Fatal Injury,Pedestrian Collisions,Pedestrian,35 to 39,Major,True,False,True,False,False,False,False,False,False,False,15349,div4,district1
2019,2019/03/16,2155,BAY ST,Major Arterial,43.647261,-79.379688,Intersection,At Intersection,Traffic Signal,Clear,"Dark, artificial",Wet,Non-Fatal Injury,Pedestrian Collisions,Driver,60 to 64,None,True,False,True,False,False,False,False,False,False,False,15374,div4,district1
2019,2019/03/16,2155,BAY ST,Major Arterial,43.647261,-79.379688,Intersection,At Intersection,Traffic Signal,Clear,"Dark, artificial",Wet,Non-Fatal Injury,Pedestrian Collisions,Pedestrian,50 to 54,Major,True,False,True,False,False,False,False,False,False,False,15380,div4,district1
2019,2019/01/21,1125,BAY ST,Major Arterial,43.647261,-79.379688,Intersection,At Intersection,Traffic Signal,Clear,Daylight,Dry,Non-Fatal Injury,Pedestrian Collisions,Driver,50 to 54,None,True,False,True,False,False,False,False,True,False,False,15403,div4,district1
2019,2019/01/21,1125,BAY ST,Major Arterial,43.647261,-79.379688,Intersection,At Intersection,Traffic Signal,Clear,Daylight,Dry,Non-Fatal Injury,Pedestrian Collisions,Pedestrian,65 to 69,Major,True,False,True,False,False,False,False,True,False,False,15412,div4,district1
2019,2019/03/18,2016,EDWARD ST,Collector,43.656611,-79.382869,Mid-Block,Non Intersection,No Control,Clear,"Dark, artificial",Dry,Non-Fatal Injury,Cyclist Collisions,Driver,unknown,None,False,True,True,False,False,False,False,False,False,False,15463,div4,district1
2019,2019/03/18,2016,EDWARD ST,Collector,43.656611,-79.382869,Mid-Block,Non Intersection,No Control,Clear,"Dark, artificial",Dry,Non-Fatal Injury,Cyclist Collisions,Cyclist,35 to 39,Major,False,True,True,False,False,False,False,False,False,False,15472,div4,district1
2018,2018/11/18,720,BLOOR ST W,Major Arterial,43.668646,-79.394099,Intersection,At Intersection,Traffic Signal,Clear,Daylight,Dry,Non-Fatal Injury,Angle,Driver,20 to 24,Minor,False,False,True,False,False,True,False,True,False,False,15493,div4,district1
2018,2018/11/18,720,BLOOR ST W,Major Arterial,43.668646,-79.394099,Intersection,At Intersection,Traffic Signal,Clear,Daylight,Dry,Non-Fatal Injury,Angle,Driver,25 to 29,Minimal,False,False,True,False,False,True,False,True,False,False,15502,div4,district1
2018,2018/11/18,720,BLOOR ST W,Major Arterial,43.668646,-79.394099,Intersection,At Intersection,Traffic Signal,Clear,Daylight,Dry,Non-Fatal Injury,Angle,Passenger,20 to 24,Major,False,False,True,False,False,True,False,True,False,False,15503,div4,district1
2019,2019/03/20,1822,BLOOR ST W,Major Arterial,43.668784,-79.393413,Mid-Block,Non Intersection,No Control,Clear,Daylight,Dry,Non-Fatal Injury,Turning Movement,Driver,35 to 39,None,False,False,True,False,False,True,False,False,False,False,15507,div4,district1
2018,2018/11/18,720,BLOOR ST W,Major Arterial,43.668646,-79.394099,Intersection,At Intersection,Traffic Signal,Clear,Daylight,Dry,Non-Fatal Injury,Angle,Passenger,30 to 34,Minor,False,False,True,False,False,True,False,True,False,False,15511,div4,district1
2019,2019/03/20,1822,BLOOR ST W,Major Arterial,43.668784,-79.393413,Mid-Block,Non Intersection,No Control,Clear,Daylight,Dry,Non-Fatal Injury,Turning Movement,Driver,50 to 54,Major,False,False,True,False,False,True,False,False,False,False,15515,div4,district1
2019,2019/07/20,135,BLOOR ST W,Major Arterial,43.669802,-79.388393,Mid-Block,Non Intersection,No Control,Clear,"Dark, artificial",Dry,Non-Fatal Injury,Cyclist Collisions,Driver,35 to 39,None,False,True,True,False,False,False,False,False,False,False,15520,div4,district1
2019,2019/03/20,1822,BLOOR ST W,Major Arterial,43.668784,-79.393413,Mid-Block,Non Intersection,No Control,Clear,Daylight,Dry,Non-Fatal Injury,Turning Movement,Passenger,20 to 24,None,False,False,True,False,False,True,False,False,False,False,15524,div4,district1
2019,2019/07/20,135,BLOOR ST W,Major Arterial,43.669802,-79.388393,Mid-Block,Non Intersection,No Control,Clear,"Dark, artificial",Dry,Non-Fatal Injury,Cyclist Collisions,Cyclist,40 to 44,Major,False,True,True,False,False,False,False,False,False,False,15530,div4,district1
2019,2019/08/15,648,QUEEN ST W,Major Arterial,43.650347,-79.388606,Intersection,At Intersection,Traffic Signal,Clear,Daylight,Dry,Non-Fatal Injury,Pedestrian Collisions,Driver,30 to 34,None,True,False,True,False,False,True,False,True,False,False,15540,div4,district1
2019,2019/08/15,648,QUEEN ST W,Major Arterial,43.650347,-79.388606,Intersection,At Intersection,Traffic Signal,Clear,Daylight,Dry,Non-Fatal Injury,Pedestrian Collisions,Passenger,0 to 4,None,True,False,True,False,False,True,False,True,False,False,15553,div4,district1
2019,2019/08/15,648,QUEEN ST W,Major Arterial,43.650347,-79.388606,Intersection,At Intersection,Traffic Signal,Clear,Daylight,Dry,Non-Fatal Injury,Pedestrian Collisions,Pedestrian,60 to 64,Major,True,False,True,False,False,True,False,True,False,False,15556,div4,district1
2019,2019/03/23,1950,BREADALBANE ST,Local,43.663443,-79.385959,Mid-Block,At/Near Private Drive,No Control,Clear,Daylight,Dry,Non-Fatal Injury,Cyclist Collisions,Driver,60 to 64,None,False,True,True,False,False,False,False,False,False,False,15580,div4,district1
2019,2019/03/23,1950,BREADALBANE ST,Local,43.663443,-79.385959,Mid-Block,At/Near Private Drive,No Control,Clear,Daylight,Dry,Non-Fatal Injury,Cyclist Collisions,Cyclist,30 to 34,Major,False,True,True,False,False,False,False,False,False,False,15590,div4,district1
2019,2019/03/26,930,UNIVERSITY AVE,Major Arterial,43.655394,-79.388561,Intersection,At Intersection,Stop Sign,Clear,Daylight,Dry,Non-Fatal Injury,Angle,Driver,30 to 34,None,False,False,True,True,False,False,False,False,False,False,15650,div4,district1
2019,2019/03/26,930,UNIVERSITY AVE,Major Arterial,43.655394,-79.388561,Intersection,At Intersection,Stop Sign,Clear,Daylight,Dry,Non-Fatal Injury,Angle,Motorcycle Driver,60 to 64,Major,False,False,True,True,False,False,False,False,False,False,15660,div4,district1
2018,2018/10/21,1213,BREMNER BLVD,Minor Arterial,43.642443,-79.383289,Mid-Block,Non Intersection,No Control,Clear,Daylight,Dry,Non-Fatal Injury,Turning Movement,Motorcycle Driver,35 to 39,Major,False,False,True,True,False,False,False,False,False,False,15706,div4,district1
2018,2018/10/21,1213,BREMNER BLVD,Minor Arterial,43.642443,-79.383289,Mid-Block,Non Intersection,No Control,Clear,Daylight,Dry,Non-Fatal Injury,Turning Movement,Driver,45 to 49,None,False,False,True,True,False,False,False,False,False,False,15714,div4,district1
2019,2019/02/08,330,COLLEGE ST,Major Arterial,43.660742,-79.385814,Intersection,At Intersection,Traffic Signal,Clear,"Dark, artificial",Dry,Non-Fatal Injury,Approaching,Driver,65 to 69,Major,False,False,True,False,False,True,False,False,False,True,15733,div4,district1
2019,2019/02/08,330,COLLEGE ST,Major Arterial,43.660742,-79.385814,Intersection,At Intersection,Traffic Signal,Clear,"Dark, artificial",Dry,Non-Fatal Injury,Approaching,Driver,35 to 39,None,False,False,True,False,False,True,False,False,False,True,15737,div4,district1
2019,2019/02/08,330,COLLEGE ST,Major Arterial,43.660742,-79.385814,Intersection,At Intersection,Traffic Signal,Clear,"Dark, artificial",Dry,Non-Fatal Injury,Approaching,Passenger,60 to 64,None,False,False,True,False,False,True,False,False,False,True,15746,div4,district1
2019,2019/05/20,920,QUEENS QUAY W,Minor Arterial,43.639891,-79.380161,Intersection,At Intersection,Traffic Signal,Clear,Daylight,Dry,Non-Fatal Injury,Pedestrian Collisions,Driver,45 to 49,Minimal,True,False,False,False,False,False,False,False,False,False,15747,div4,district1
2019,2019/08/22,1521,BAY ST,Major Arterial,43.660742,-79.385814,Intersection,At Intersection,Traffic Signal,Clear,Daylight,Dry,Non-Fatal Injury,Pedestrian Collisions,Driver,50 to 54,None,True,False,True,False,False,True,False,True,False,False,15748,div4,district1
2019,2019/08/22,1521,BAY ST,Major Arterial,43.660742,-79.385814,Intersection,At Intersection,Traffic Signal,Clear,Daylight,Dry,Non-Fatal Injury,Pedestrian Collisions,Driver,20 to 24,Major,True,False,True,False,False,True,False,True,False,False,15750,div4,district1
2019,2019/02/08,330,COLLEGE ST,Major Arterial,43.660742,-79.385814,Intersection,At Intersection,Traffic Signal,Clear,"Dark, artificial",Dry,Non-Fatal Injury,Approaching,Passenger,30 to 34,None,False,False,True,False,False,True,False,False,False,True,15755,div4,district1
2019,2019/05/20,920,QUEENS QUAY W,Minor Arterial,43.639891,-79.380161,Intersection,At Intersection,Traffic Signal,Clear,Daylight,Dry,Non-Fatal Injury,Pedestrian Collisions,Pedestrian,30 to 34,Major,True,False,False,False,False,False,False,False,False,False,15757,div4,district1
2019,2019/08/22,1521,BAY ST,Major Arterial,43.660742,-79.385814,Intersection,At Intersection,Traffic Signal,Clear,Daylight,Dry,Non-Fatal Injury,Pedestrian Collisions,Driver,20 to 24,None,True,False,True,False,False,True,False,True,False,False,15759,div4,district1
2019,2019/08/22,1521,BAY ST,Major Arterial,43.660742,-79.385814,Intersection,At Intersection,Traffic Signal,Clear,Daylight,Dry,Non-Fatal Injury,Pedestrian Collisions,Passenger,20 to 24,None,True,False,True,False,False,True,False,True,False,False,15765,div4,district1
2019,2019/02/08,330,COLLEGE ST,Major Arterial,43.660742,-79.385814,Intersection,At Intersection,Traffic Signal,Clear,"Dark, artificial",Dry,Non-Fatal Injury,Approaching,Passenger,35 to 39,None,False,False,True,False,False,True,False,False,False,True,15768,div4,district1
2018,2018/12/22,1514,QUEEN ST W,Major Arterial,43.649039,-79.394717,Mid-Block,Non Intersection,No Control,Clear,Daylight,Dry,Non-Fatal Injury,Pedestrian Collisions,Driver,35 to 39,None,True,False,True,False,False,False,False,False,False,False,15772,div4,district1
2019,2019/08/22,1521,BAY ST,Major Arterial,43.660742,-79.385814,Intersection,At Intersection,Traffic Signal,Clear,Daylight,Dry,Non-Fatal Injury,Pedestrian Collisions,Pedestrian,0 to 4,Minimal,True,False,True,False,False,True,False,True,False,False,15773,div4,district1
2019,2019/08/22,1521,BAY ST,Major Arterial,43.660742,-79.385814,Intersection,At Intersection,Traffic Signal,Clear,Daylight,Dry,Non-Fatal Injury,Pedestrian Collisions,Pedestrian,40 to 44,Minor,True,False,True,False,False,True,False,True,False,False,15775,div4,district1
2018,2018/12/22,1514,QUEEN ST W,Major Arterial,43.649039,-79.394717,Mid-Block,Non Intersection,No Control,Clear,Daylight,Dry,Non-Fatal Injury,Pedestrian Collisions,Pedestrian,25 to 29,Major,True,False,True,False,False,False,False,False,False,False,15783,div4,district1
2019,2019/08/22,1521,BAY ST,Major Arterial,43.660742,-79.385814,Intersection,At Intersection,Traffic Signal,Clear,Daylight,Dry,Non-Fatal Injury,Pedestrian Collisions,Pedestrian,65 to 69,Major,True,False,True,False,False,True,False,True,False,False,15784,div4,district1
2018,2018/11/26,1651,EDWARD ST,Collector,43.656603,-79.382831,Mid-Block,Non Intersection,No Control,Rain,"Dark, artificial",Wet,Non-Fatal Injury,Pedestrian Collisions,Driver,30 to 34,None,True,False,True,False,False,True,False,False,False,False,15787,div4,district1
2018,2018/11/26,1651,EDWARD ST,Collector,43.656603,-79.382831,Mid-Block,Non Intersection,No Control,Rain,"Dark, artificial",Wet,Non-Fatal Injury,Pedestrian Collisions,Passenger,unknown,None,True,False,True,False,False,True,False,False,False,False,15793,div4,district1
2019,2019/08/22,1521,BAY ST,Major Arterial,43.660742,-79.385814,Intersection,At Intersection,Traffic Signal,Clear,Daylight,Dry,Non-Fatal Injury,Pedestrian Collisions,Pedestrian,50 to 54,Major,True,False,True,False,False,True,False,True,False,False,15797,div4,district1
2018,2018/11/26,1651,EDWARD ST,Collector,43.656603,-79.382831,Mid-Block,Non Intersection,No Control,Rain,"Dark, artificial",Wet,Non-Fatal Injury,Pedestrian Collisions,Pedestrian,60 to 64,Major,True,False,True,False,False,True,False,False,False,False,15802,div4,district1
2018,2018/10/24,2238,SIMCOE ST,Major Arterial,43.648566,-79.386577,Intersection,At Intersection,Traffic Signal,Clear,"Dark, artificial",Dry,Non-Fatal Injury,Pedestrian Collisions,Driver,35 to 39,None,True,False,True,False,False,True,False,False,False,False,15803,div4,district1
2018,2018/10/24,2238,SIMCOE ST,Major Arterial,43.648566,-79.386577,Intersection,At Intersection,Traffic Signal,Clear,"Dark, artificial",Dry,Non-Fatal Injury,Pedestrian Collisions,Passenger,35 to 39,None,True,False,True,False,False,True,False,False,False,False,15810,div4,district1
2019,2019/05/23,1535,350 QUEENS QUAY W,Minor Arterial,43.638205,-79.388637,Intersection,At Intersection,Traffic Signal,Clear,Daylight,Dry,Non-Fatal Injury,Approaching,Driver,30 to 34,Minimal,False,False,True,False,False,True,True,False,False,False,15818,div4,district1
2018,2018/10/24,2238,SIMCOE ST,Major Arterial,43.648566,-79.386577,Intersection,At Intersection,Traffic Signal,Clear,"Dark, artificial",Dry,Non-Fatal Injury,Pedestrian Collisions,Pedestrian,25 to 29,Major,True,False,True,False,False,True,False,False,False,False,15819,div4,district1
2019,2019/05/23,1535,350 QUEENS QUAY W,Minor Arterial,43.638205,-79.388637,Intersection,At Intersection,Traffic Signal,Clear,Daylight,Dry,Non-Fatal Injury,Approaching,Passenger,30 to 34,Major,False,False,True,False,False,True,True,False,False,False,15829,div4,district1
2019,2019/05/23,1535,350 QUEENS QUAY W,Minor Arterial,43.638205,-79.388637,Intersection,At Intersection,Traffic Signal,Clear,Daylight,Dry,Non-Fatal Injury,Approaching,Driver,25 to 29,Minor,False,False,True,False,False,True,True,False,False,False,15837,div4,district1
2019,2019/07/30,39,GERRARD ST W,Minor Arterial,43.658251,-79.385585,Intersection,Intersection Related,No Control,Rain,"Dark, artificial",Wet,Non-Fatal Injury,Pedestrian Collisions,Driver,30 to 34,None,True,False,True,False,False,False,False,False,True,False,15861,div4,district1
2019,2019/07/30,39,GERRARD ST W,Minor Arterial,43.658251,-79.385585,Intersection,Intersection Related,No Control,Rain,"Dark, artificial",Wet,Non-Fatal Injury,Pedestrian Collisions,Pedestrian,50 to 54,Major,True,False,True,False,False,False,False,False,True,False,15866,div4,district1
2019,2019/05/26,910,SIMCOE ST,Collector,43.647936,-79.386333,Intersection,At Intersection,No Control,Clear,Daylight,Dry,Non-Fatal Injury,Cyclist Collisions,Driver,unknown,None,False,True,True,False,False,False,False,False,False,False,15882,div4,district1
2019,2019/05/26,910,SIMCOE ST,Collector,43.647936,-79.386333,Intersection,At Intersection,No Control,Clear,Daylight,Dry,Non-Fatal Injury,Cyclist Collisions,Cyclist,20 to 24,Major,False,True,True,False,False,False,False,False,False,False,15891,div4,district1
2019,2019/01/04,1920,COLLEGE ST,Major Arterial,43.660441,-79.387386,Intersection,At Intersection,Traffic Signal,Clear,"Dark, artificial",Dry,Non-Fatal Injury,Pedestrian Collisions,Driver,45 to 49,None,True,False,True,False,False,False,False,False,False,False,15982,div4,district1
2019,2019/01/04,1920,COLLEGE ST,Major Arterial,43.660441,-79.387386,Intersection,At Intersection,Traffic Signal,Clear,"Dark, artificial",Dry,Non-Fatal Injury,Pedestrian Collisions,Pedestrian,60 to 64,Major,True,False,True,False,False,False,False,False,False,False,15988,div4,district1
2020,2020/10/05,1,73 QUEENS PARK  CRES E,Major Arterial,43.66585,-79.391856,Mid-Block,Non Intersection,Traffic Signal,Clear,"Dark, artificial",Wet,Non-Fatal Injury,Pedestrian Collisions,Driver,25 to 29,None,True,False,True,False,False,False,False,False,False,False,16036,div4,district1
2020,2020/10/05,1,73 QUEENS PARK  CRES E,Major Arterial,43.66585,-79.391856,Mid-Block,Non Intersection,Traffic Signal,Clear,"Dark, artificial",Wet,Non-Fatal Injury,Pedestrian Collisions,Pedestrian,25 to 29,Major,True,False,True,False,False,False,False,False,False,False,16037,div4,district1
2020,2020/10/05,1,73 QUEENS PARK  CRES E,Major Arterial,43.66585,-79.391856,Mid-Block,Non Intersection,Traffic Signal,Clear,"Dark, artificial",Wet,Non-Fatal Injury,Pedestrian Collisions,Other,40 to 44,None,True,False,True,False,False,False,False,False,False,False,16038,div4,district1
2020,2020/10/05,2312,UNIVERSITY AVE,Major Arterial,43.659785,-79.390453,Intersection,At Intersection,Traffic Signal,Clear,"Dusk, artificial",Dry,Non-Fatal Injury,Pedestrian Collisions,Driver,55 to 59,None,True,False,True,False,False,False,False,False,False,False,16043,div4,district1
2020,2020/10/05,2312,UNIVERSITY AVE,Major Arterial,43.659785,-79.390453,Intersection,At Intersection,Traffic Signal,Clear,"Dusk, artificial",Dry,Non-Fatal Injury,Pedestrian Collisions,Pedestrian,65 to 69,Major,True,False,True,False,False,False,False,False,False,False,16044,div4,district1
2020,2020/10/29,1525,WELLINGTON ST W,Major Arterial,43.646311,-79.384059,Intersection,At Intersection,Traffic Signal,Clear,Daylight,Dry,Non-Fatal Injury,Angle,Driver,55 to 59,Major,False,False,True,False,False,False,False,True,False,False,16081,div4,district1
2020,2020/10/29,1525,WELLINGTON ST W,Major Arterial,43.646311,-79.384059,Intersection,At Intersection,Traffic Signal,Clear,Daylight,Dry,Non-Fatal Injury,Angle,Driver,70 to 74,None,False,False,True,False,False,False,False,True,False,False,16082,div4,district1
2020,2020/02/13,2345,BAY ST,Major Arterial,43.642932,-79.37778,Intersection,Intersection Related,No Control,Clear,"Dark, artificial",Dry,Non-Fatal Injury,Pedestrian Collisions,Driver,30 to 34,None,True,False,True,False,False,False,False,False,False,False,16164,div4,district1
2020,2020/02/13,2345,BAY ST,Major Arterial,43.642932,-79.37778,Intersection,Intersection Related,No Control,Clear,"Dark, artificial",Dry,Non-Fatal Injury,Pedestrian Collisions,Pedestrian,30 to 34,Major,True,False,True,False,False,False,False,False,False,False,16165,div4,district1
2019,2019/12/28,1514,GERRARD ST W,Major Arterial,43.658438,-79.384853,Intersection,At Intersection,Traffic Signal,Clear,Daylight,Dry,Non-Fatal Injury,Pedestrian Collisions,Driver,50 to 54,None,True,False,True,False,False,False,False,True,False,False,16340,div4,district1
2019,2019/12/28,1514,GERRARD ST W,Major Arterial,43.658438,-79.384853,Intersection,At Intersection,Traffic Signal,Clear,Daylight,Dry,Non-Fatal Injury,Pedestrian Collisions,Driver,25 to 29,None,True,False,True,False,False,False,False,True,False,False,16346,div4,district1
2019,2019/12/28,1514,GERRARD ST W,Major Arterial,43.658438,-79.384853,Intersection,At Intersection,Traffic Signal,Clear,Daylight,Dry,Non-Fatal Injury,Pedestrian Collisions,Pedestrian,25 to 29,Major,True,False,True,False,False,False,False,True,False,False,16352,div4,district1
2020,2020/07/11,1854,SPADINA AVE,Major Arterial,43.639853,-79.392726,Mid-Block,Non Intersection,No Control,Clear,Daylight,Wet,Non-Fatal Injury,Rear End,Driver,25 to 29,None,False,False,True,False,False,True,False,False,False,False,16548,div4,district1
2020,2020/07/11,1854,SPADINA AVE,Major Arterial,43.639853,-79.392726,Mid-Block,Non Intersection,No Control,Clear,Daylight,Wet,Non-Fatal Injury,Rear End,Driver,50 to 54,Major,False,False,True,False,False,True,False,False,False,False,16555,div4,district1
2020,2020/07/11,1854,SPADINA AVE,Major Arterial,43.639853,-79.392726,Mid-Block,Non Intersection,No Control,Clear,Daylight,Wet,Non-Fatal Injury,Rear End,Driver,20 to 24,None,False,False,True,False,False,True,False,False,False,False,16562,div4,district1
2020,2020/07/11,1854,SPADINA AVE,Major Arterial,43.639853,-79.392726,Mid-Block,Non Intersection,No Control,Clear,Daylight,Wet,Non-Fatal Injury,Rear End,Passenger,40 to 44,None,False,False,True,False,False,True,False,False,False,False,16563,div4,district1
2020,2020/07/11,1854,SPADINA AVE,Major Arterial,43.639853,-79.392726,Mid-Block,Non Intersection,No Control,Clear,Daylight,Wet,Non-Fatal Injury,Rear End,Passenger,25 to 29,None,False,False,True,False,False,True,False,False,False,False,16570,div4,district1
2021,2021/02/27,2307,LN N DUNDAS W HURON,Laneway,43.653647,-79.396747,Mid-Block,Laneway,No Control,Clear,"Dark, artificial",Wet,Non-Fatal Injury,SMV Other,Driver,50 to 54,Major,False,False,True,False,False,False,True,False,False,True,16609,div4,district1
2020,2020/05/02,1538,12 QUEENS QUAY W,Minor Arterial,43.641387,-79.375934,Mid-Block,At/Near Private Drive,Stop Sign,Rain,Daylight,Wet,Non-Fatal Injury,Cyclist Collisions,Driver,30 to 34,None,False,True,True,False,False,True,False,False,False,False,16621,div4,district1
2020,2020/05/02,1538,12 QUEENS QUAY W,Minor Arterial,43.641387,-79.375934,Mid-Block,At/Near Private Drive,Stop Sign,Rain,Daylight,Wet,Non-Fatal Injury,Cyclist Collisions,Cyclist,30 to 34,Major,False,True,True,False,False,True,False,False,False,False,16630,div4,district1
2020,2020/05/02,1538,12 QUEENS QUAY W,Minor Arterial,43.641387,-79.375934,Mid-Block,At/Near Private Drive,Stop Sign,Rain,Daylight,Wet,Non-Fatal Injury,Cyclist Collisions,Passenger,25 to 29,None,False,True,True,False,False,True,False,False,False,False,16636,div4,district1
2020,2020/01/12,330,FRONT ST W,Minor Arterial,43.643897,-79.388675,Intersection,Intersection Related,No Control,Rain,"Dark, artificial",Wet,Non-Fatal Injury,Pedestrian Collisions,Driver,30 to 34,Minor,True,False,True,False,False,False,False,False,False,False,16650,div4,district1
2020,2020/01/12,330,FRONT ST W,Minor Arterial,43.643897,-79.388675,Intersection,Intersection Related,No Control,Rain,"Dark, artificial",Wet,Non-Fatal Injury,Pedestrian Collisions,Pedestrian,20 to 24,Major,True,False,True,False,False,False,False,False,False,False,16657,div4,district1
2019,2019/11/25,1609,QUEENS QUAY W,Minor Arterial,43.638842,-79.386562,Intersection,Intersection Related,Traffic Signal,Clear,Daylight,Dry,Non-Fatal Injury,Cyclist Collisions,Cyclist,45 to 49,Major,False,True,True,False,False,False,False,False,False,False,16674,div4,district1
2019,2019/11/25,1609,QUEENS QUAY W,Minor Arterial,43.638842,-79.386562,Intersection,Intersection Related,Traffic Signal,Clear,Daylight,Dry,Non-Fatal Injury,Cyclist Collisions,Driver,25 to 29,None,False,True,True,False,False,False,False,False,False,False,16678,div4,district1
2020,2020/05/06,1627,SPADINA AVE,Major Arterial,43.641268,-79.393306,Intersection,Intersection Related,No Control,Clear,Daylight,Dry,Non-Fatal Injury,Pedestrian Collisions,Driver,35 to 39,None,True,False,True,False,False,False,False,False,False,False,16719,div4,district1
2020,2020/05/06,1627,SPADINA AVE,Major Arterial,43.641268,-79.393306,Intersection,Intersection Related,No Control,Clear,Daylight,Dry,Non-Fatal Injury,Pedestrian Collisions,Pedestrian,25 to 29,Major,True,False,True,False,False,False,False,False,False,False,16726,div4,district1