YEAR,DATE,TIME,STREET1,ROAD_CLASS,LATITUDE,LONGITUDE,LOCCOORD,ACCLOC,TRAFFCTL,VISIBILITY,LIGHT,RDSFCOND,ACCLASS,IMPACTYPE,INVTYPE,INVAGE,INJURY,PEDESTRIAN,CYCLIST,AUTOMOBILE,MOTORCYCLE,TRUCK,PASSENGER,SPEEDING,REDLIGHT,ALCOHOL,DISABILITY,Record_ID,division_id,district_id
2022,2022/06/18,1855,GAMBLE AVE,Major Arterial,43.690329,-79.349132,Intersection,At Intersection,Stop Sign,Clear,Daylight,Dry,Non-Fatal Injury,Pedestrian Collisions,Pedestrian,60 to 64,Major,True,False,True,False,False,False,False,False,False,False,17395,div7,district1
2021,2021/04/10,1000,COXWELL  AVE,Minor Arterial,43.666285,-79.316562,Intersection,Non Intersection,Traffic Signal,Clear,Daylight,Dry,Non-Fatal Injury,Cyclist Collisions,Driver,65 to 69,None,False,True,True,False,False,False,False,False,False,False,17396,div7,district1
2022,2022/04/15,43,DON VALLEY PARKWAY  S,Expressway,43.697924,-79.350124,Mid-Block,Non Intersection,No Control,Clear,"Dark, artificial",Dry,Fatal,Pedestrian Collisions,Pedestrian,35 to 39,Fatal,True,False,True,False,False,False,False,False,False,False,17398,div7,district1
2021,2021/05/30,1610,LAING ST,Minor Arterial,43.663836,-79.327312,Intersection,At Intersection,Stop Sign,Clear,Daylight,Dry,Non-Fatal Injury,Turning Movement,Passenger,20 to 24,None,False,False,True,True,False,True,False,False,False,False,17400,div7,district1
2021,2021/04/10,1000,COXWELL  AVE,Minor Arterial,43.666285,-79.316562,Intersection,Non Intersection,Traffic Signal,Clear,Daylight,Dry,Non-Fatal Injury,Cyclist Collisions,Cyclist,35 to 39,Major,False,True,True,False,False,False,False,False,False,False,17404,div7,district1
2022,2022/04/15,43,DON VALLEY PARKWAY  S,Expressway,43.697924,-79.350124,Mid-Block,Non Intersection,No Control,Clear,"Dark, artificial",Dry,Fatal,Pedestrian Collisions,Driver,60 to 64,None,True,False,True,False,False,False,False,False,False,False,17405,div7,district1
2021,2021/04/15,1212,QUEEN ST E,Minor Arterial,43.658923,-79.349284,Mid-Block,Non Intersection,No Control,Clear,Daylight,Dry,Non-Fatal Injury,Pedestrian Collisions,Driver,40 to 44,None,True,False,True,False,False,True,False,False,False,False,17411,div7,district1
2021,2021/04/15,1212,QUEEN ST E,Minor Arterial,43.658923,-79.349284,Mid-Block,Non Intersection,No Control,Clear,Daylight,Dry,Non-Fatal Injury,Pedestrian Collisions,Passenger,40 to 44,None,True,False,True,False,False,True,False,False,False,False,17419,div7,district1
2021,2021/04/15,1212,QUEEN ST E,Minor Arterial,43.658923,-79.349284,Mid-Block,Non Intersection,No Control,Clear,Daylight,Dry,Non-Fatal Injury,Pedestrian Collisions,Pedestrian,25 to 29,Major,True,False,True,False,False,True,False,False,False,False,17426,div7,district1
2022,2022/09/03,753,BAYVIEW BLOOR DVP S RAMP,Expressway Ramp,43.682494,-79.362987,Mid-Block,Non Intersection,No Control,Clear,Daylight,Dry,Non-Fatal Injury,SMV Other,Motorcycle Driver,45 to 49,Major,False,False,False,True,False,False,False,False,False,False,17450,div7,district1
2022,2022/04/25,1345,452 DANFORTH AVE,Major Arterial,43.677825,-79.350108,Mid-Block,Non Intersection,No Control,Rain,Daylight,Wet,Non-Fatal Injury,Pedestrian Collisions,Moped Driver,35 to 39,Minimal,True,True,False,False,False,False,True,False,False,False,17504,div7,district1
2022,2022/04/25,1345,452 DANFORTH AVE,Major Arterial,43.677825,-79.350108,Mid-Block,Non Intersection,No Control,Rain,Daylight,Wet,Non-Fatal Injury,Pedestrian Collisions,Pedestrian,5 to 9,Major,True,True,False,False,False,False,True,False,False,False,17510,div7,district1
2021,2021/11/12,2030,DON VALLEY PARKWAY  S,Expressway,43.662001,-79.355159,Mid-Block,Non Intersection,No Control,Clear,"Dark, artificial",Wet,Fatal,Pedestrian Collisions,Pedestrian,30 to 34,Fatal,True,False,True,False,False,True,False,False,False,False,17534,div7,district1
2021,2021/11/12,2030,DON VALLEY PARKWAY  S,Expressway,43.662001,-79.355159,Mid-Block,Non Intersection,No Control,Clear,"Dark, artificial",Wet,Fatal,Pedestrian Collisions,Driver,25 to 29,None,True,False,True,False,False,True,False,False,False,False,17536,div7,district1
2021,2021/11/12,2030,DON VALLEY PARKWAY  S,Expressway,43.662001,-79.355159,Mid-Block,Non Intersection,No Control,Clear,"Dark, artificial",Wet,Fatal,Pedestrian Collisions,Passenger,30 to 34,None,True,False,True,False,False,True,False,False,False,False,17542,div7,district1
2021,2021/06/05,2211,DON VALLEY PY S,Major Arterial,43.656638,-79.352527,Intersection,Intersection Related,Traffic Signal,Clear,"Dark, artificial",Loose Sand or Gravel,Non-Fatal Injury,SMV Other,Motorcycle Driver,20 to 24,Major,False,False,True,True,False,False,True,False,False,False,17546,div7,district1
2021,2021/04/27,1510,MAIN ST,Major Arterial,43.688071,-79.301791,Intersection,At Intersection,Traffic Signal,Clear,Daylight,Dry,Fatal,Pedestrian Collisions,Driver,50 to 54,None,True,False,False,False,True,False,False,False,False,False,17552,div7,district1
2021,2021/06/05,2211,DON VALLEY PY S,Major Arterial,43.656638,-79.352527,Intersection,Intersection Related,Traffic Signal,Clear,"Dark, artificial",Loose Sand or Gravel,Non-Fatal Injury,SMV Other,Driver,20 to 24,None,False,False,True,True,False,False,True,False,False,False,17554,div7,district1
2021,2021/04/27,1510,MAIN ST,Major Arterial,43.688071,-79.301791,Intersection,At Intersection,Traffic Signal,Clear,Daylight,Dry,Fatal,Pedestrian Collisions,Wheelchair,80 to 84,Fatal,True,False,False,False,True,False,False,False,False,False,17558,div7,district1
2022,2022/02/12,1945,384 O CONNOR DR,Major Arterial,43.695937,-79.33755,Mid-Block,Non Intersection,No Control,Clear,"Dark, artificial",Dry,Non-Fatal Injury,Other,Driver,40 to 44,None,False,False,False,False,False,True,False,False,False,False,17660,div7,district1
2022,2022/02/12,1945,384 O CONNOR DR,Major Arterial,43.695937,-79.33755,Mid-Block,Non Intersection,No Control,Clear,"Dark, artificial",Dry,Non-Fatal Injury,Other,Passenger,65 to 69,Major,False,False,False,False,False,True,False,False,False,False,17664,div7,district1
2022,2022/09/16,120,DON VALLEY PKWY N,Expressway,43.666567,-79.356319,Mid-Block,Non Intersection,No Control,Clear,"Dark, artificial",Dry,Non-Fatal Injury,SMV Other,Motorcycle Driver,25 to 29,Major,False,False,False,True,False,False,True,False,False,False,17689,div7,district1
2021,2021/07/03,2233,DON VALLEY PARKWAY  S,Expressway,43.662265,-79.355258,Mid-Block,Non Intersection,No Control,Clear,"Dark, artificial",Dry,Fatal,Pedestrian Collisions,Pedestrian,15 to 19,Fatal,True,False,True,False,False,False,False,False,False,False,17714,div7,district1
2021,2021/07/03,2233,DON VALLEY PARKWAY  S,Expressway,43.662265,-79.355258,Mid-Block,Non Intersection,No Control,Clear,"Dark, artificial",Dry,Fatal,Pedestrian Collisions,Driver,60 to 64,None,True,False,True,False,False,False,False,False,False,False,17722,div7,district1
2021,2021/05/12,2058,QUEEN ST E,Minor Arterial,43.671855,-79.290973,Intersection,Intersection Related,No Control,Clear,"Dark, artificial",Dry,Non-Fatal Injury,Sideswipe,Driver,40 to 44,Minor,False,False,True,False,False,True,True,False,True,False,17733,div7,district1
2021,2021/05/12,2058,QUEEN ST E,Minor Arterial,43.671855,-79.290973,Intersection,Intersection Related,No Control,Clear,"Dark, artificial",Dry,Non-Fatal Injury,Sideswipe,Driver,30 to 34,None,False,False,True,False,False,True,True,False,True,False,17739,div7,district1
2021,2021/05/12,2058,QUEEN ST E,Minor Arterial,43.671855,-79.290973,Intersection,Intersection Related,No Control,Clear,"Dark, artificial",Dry,Non-Fatal Injury,Sideswipe,Passenger,30 to 34,Major,False,False,True,False,False,True,True,False,True,False,17747,div7,district1
2021,2021/07/07,1156,WOODMOUNT  AVE,Local,43.685877,-79.31557,Intersection,At Intersection,Stop Sign,Clear,Daylight,Dry,Non-Fatal Injury,Pedestrian Collisions,Driver,35 to 39,None,True,False,True,False,False,False,False,False,False,False,17752,div7,district1
2021,2021/07/07,1156,WOODMOUNT  AVE,Local,43.685877,-79.31557,Intersection,At Intersection,Stop Sign,Clear,Daylight,Dry,Non-Fatal Injury,Pedestrian Collisions,Pedestrian,30 to 34,Major,True,False,True,False,False,False,False,False,False,False,17759,div7,district1
2022,2022/05/22,1911,2467 QUEEN ST E,Minor Arterial,43.673403,-79.283077,Intersection,At Intersection,Stop Sign,Clear,Daylight,Dry,Fatal,SMV Other,Driver,65 to 69,Fatal,False,False,True,False,False,False,False,False,False,False,17787,div7,district1
2022,2022/05/22,1911,2467 QUEEN ST E,Minor Arterial,43.673403,-79.283077,Intersection,At Intersection,Stop Sign,Clear,Daylight,Dry,Fatal,SMV Other,Other,unknown,None,False,False,True,False,False,False,False,False,False,False,17793,div7,district1
2022,2022/03/06,2233,460 PAPE AVE,Minor Arterial,43.671691,-79.341853,Mid-Block,Non Intersection,No Control,Clear,Dark,Dry,Non-Fatal Injury,Pedestrian Collisions,Driver,45 to 49,None,True,False,True,False,False,False,False,False,False,False,17819,div7,district1
2022,2022/03/06,2233,460 PAPE AVE,Minor Arterial,43.671691,-79.341853,Mid-Block,Non Intersection,No Control,Clear,Dark,Dry,Non-Fatal Injury,Pedestrian Collisions,Pedestrian,15 to 19,Major,True,False,True,False,False,False,False,False,False,False,17828,div7,district1
2022,2022/05/31,1636,EASTERN AVE,Minor Arterial,43.663516,-79.320537,Intersection,At Intersection,Stop Sign,Clear,Daylight,Dry,Non-Fatal Injury,Angle,Driver,20 to 24,Minor,False,False,True,False,False,True,False,False,False,False,17900,div7,district1
2022,2022/05/31,1636,EASTERN AVE,Minor Arterial,43.663516,-79.320537,Intersection,At Intersection,Stop Sign,Clear,Daylight,Dry,Non-Fatal Injury,Angle,Driver,25 to 29,Major,False,False,True,False,False,True,False,False,False,False,17903,div7,district1
2022,2022/05/31,1636,EASTERN AVE,Minor Arterial,43.663516,-79.320537,Intersection,At Intersection,Stop Sign,Clear,Daylight,Dry,Non-Fatal Injury,Angle,Passenger,25 to 29,None,False,False,True,False,False,True,False,False,False,False,17911,div7,district1
2022,2022/03/09,1100,DANFORTH AVE,Major Arterial,43.685603,-79.31274,Intersection,Intersection Related,Traffic Signal,Clear,Daylight,Dry,Non-Fatal Injury,Rear End,Truck Driver,45 to 49,Minimal,False,False,True,False,True,False,False,False,False,False,17912,div7,district1
2022,2022/03/09,1100,DANFORTH AVE,Major Arterial,43.685603,-79.31274,Intersection,Intersection Related,Traffic Signal,Clear,Daylight,Dry,Non-Fatal Injury,Rear End,Driver,45 to 49,Major,False,False,True,False,True,False,False,False,False,False,17914,div7,district1
2021,2021/05/22,2200,EASTERN AVE,Minor Arterial,43.665419,-79.31618,Intersection,At Intersection,Traffic Signal,Clear,"Dark, artificial",Dry,Non-Fatal Injury,Pedestrian Collisions,Driver,65 to 69,None,True,False,True,False,False,False,False,False,False,False,17939,div7,district1
2021,2021/05/22,2200,EASTERN AVE,Minor Arterial,43.665419,-79.31618,Intersection,At Intersection,Traffic Signal,Clear,"Dark, artificial",Dry,Non-Fatal Injury,Pedestrian Collisions,Pedestrian,10 to 14,Major,True,False,True,False,False,False,False,False,False,False,17944,div7,district1
2022,2022/11/15,1825,DON MILLS RD,Major Arterial,43.701083,-79.337535,Mid-Block,Non Intersection,No Control,Rain,Dusk,Wet,Fatal,Rear End,Driver,75 to 79,Fatal,False,False,True,False,False,False,False,False,False,True,18108,div7,district1
2022,2022/11/15,1825,DON MILLS RD,Major Arterial,43.701083,-79.337535,Mid-Block,Non Intersection,No Control,Rain,Dusk,Wet,Fatal,Rear End,Driver,45 to 49,None,False,False,True,False,False,False,False,False,False,True,18109,div7,district1
2022,2022/11/25,2245,PAPE AVE,Major Arterial,43.683192,-79.346416,Intersection,Intersection Related,No Control,Clear,"Dark, artificial",Dry,Non-Fatal Injury,Sideswipe,Driver,30 to 34,None,False,False,True,False,False,True,False,False,False,False,18130,div7,district1
2022,2022/11/25,2245,PAPE AVE,Major Arterial,43.683192,-79.346416,Intersection,Intersection Related,No Control,Clear,"Dark, artificial",Dry,Non-Fatal Injury,Sideswipe,Driver,15 to 19,Minor,False,False,True,False,False,True,False,False,False,False,18131,div7,district1
2022,2022/11/25,2245,PAPE AVE,Major Arterial,43.683192,-79.346416,Intersection,Intersection Related,No Control,Clear,"Dark, artificial",Dry,Non-Fatal Injury,Sideswipe,Driver,25 to 29,Minimal,False,False,True,False,False,True,False,False,False,False,18132,div7,district1
2022,2022/11/25,2245,PAPE AVE,Major Arterial,43.683192,-79.346416,Intersection,Intersection Related,No Control,Clear,"Dark, artificial",Dry,Non-Fatal Injury,Sideswipe,Passenger,25 to 29,Major,False,False,True,False,False,True,False,False,False,False,18133,div7,district1
2017,2017/09/06,2217,JARVIS ST,Major Arterial,43.656638,-79.374393,Mid-Block,Non Intersection,No Control,Clear,"Dark, artificial",Dry,Non-Fatal Injury,Pedestrian Collisions,Driver,50 to 54,None,True,False,True,False,False,False,False,False,False,False,13023,div8,district1
2017,2017/09/06,2217,JARVIS ST,Major Arterial,43.656638,-79.374393,Mid-Block,Non Intersection,No Control,Clear,"Dark, artificial",Dry,Non-Fatal Injury,Pedestrian Collisions,Pedestrian,25 to 29,Major,True,False,True,False,False,False,False,False,False,False,13024,div8,district1
2017,2017/07/31,713,SHERBOURNE ST,Major Arterial,43.658221,-79.37099,Intersection,At Intersection,Traffic Signal,Clear,Daylight,Dry,Fatal,Pedestrian Collisions,Pedestrian,45 to 49,Major,True,False,True,False,False,False,True,False,False,False,13087,div8,district1
2017,2017/07/31,713,SHERBOURNE ST,Major Arterial,43.658221,-79.37099,Intersection,At Intersection,Traffic Signal,Clear,Daylight,Dry,Fatal,Pedestrian Collisions,Pedestrian,70 to 74,Fatal,True,False,True,False,False,False,True,False,False,False,13110,div8,district1
2017,2017/02/10,1003,QUEEN ST E,Major Arterial,43.654452,-79.369418,Intersection,At Intersection,Traffic Signal,Clear,Daylight,Dry,Non-Fatal Injury,Pedestrian Collisions,Driver,45 to 49,None,True,False,False,False,False,False,False,False,False,False,13120,div8,district1
2017,2017/02/10,1003,QUEEN ST E,Major Arterial,43.654452,-79.369418,Intersection,At Intersection,Traffic Signal,Clear,Daylight,Dry,Non-Fatal Injury,Pedestrian Collisions,Pedestrian,35 to 39,Major,True,False,False,False,False,False,False,False,False,False,13123,div8,district1
2017,2017/02/12,936,RICHMOND ST E,Major Arterial,43.652632,-79.372791,Intersection,At Intersection,Traffic Signal,Rain,Daylight,Packed Snow,Non-Fatal Injury,Pedestrian Collisions,Driver,30 to 34,None,True,False,True,False,False,True,True,False,False,False,13128,div8,district1
2017,2017/02/12,936,RICHMOND ST E,Major Arterial,43.652632,-79.372791,Intersection,At Intersection,Traffic Signal,Rain,Daylight,Packed Snow,Non-Fatal Injury,Pedestrian Collisions,Passenger,40 to 44,None,True,False,True,False,False,True,True,False,False,False,13129,div8,district1
2017,2017/02/12,936,RICHMOND ST E,Major Arterial,43.652632,-79.372791,Intersection,At Intersection,Traffic Signal,Rain,Daylight,Packed Snow,Non-Fatal Injury,Pedestrian Collisions,Pedestrian,60 to 64,Major,True,False,True,False,False,True,True,False,False,False,13130,div8,district1
2017,2017/03/18,1932,JARVIS ST,Major Arterial,43.667636,-79.378894,Mid-Block,Intersection Related,No Control,Rain,"Dark, artificial",Wet,Fatal,Pedestrian Collisions,Pedestrian,60 to 64,Fatal,True,False,True,False,False,False,False,False,False,False,13196,div8,district1
2017,2017/03/18,1932,JARVIS ST,Major Arterial,43.667636,-79.378894,Mid-Block,Intersection Related,No Control,Rain,"Dark, artificial",Wet,Fatal,Pedestrian Collisions,Driver,65 to 69,None,True,False,True,False,False,False,False,False,False,False,13197,div8,district1
2017,2017/03/21,845,LAKE SHORE BLVD E,Major Arterial,43.65082,-79.346919,Intersection,At Intersection,Traffic Signal,Clear,Daylight,Dry,Non-Fatal Injury,Cyclist Collisions,Driver,65 to 69,None,False,True,True,False,False,False,False,False,False,False,13201,div8,district1
2017,2017/03/21,845,LAKE SHORE BLVD E,Major Arterial,43.65082,-79.346919,Intersection,At Intersection,Traffic Signal,Clear,Daylight,Dry,Non-Fatal Injury,Cyclist Collisions,Cyclist,50 to 54,Major,False,True,True,False,False,False,False,False,False,False,13202,div8,district1
2017,2017/07/31,713,SHERBOURNE ST,Major Arterial,43.658221,-79.37099,Intersection,At Intersection,Traffic Signal,Clear,Daylight,Dry,Fatal,Pedestrian Collisions,Driver,25 to 29,None,True,False,True,False,False,False,True,False,False,False,13214,div8,district1
2017,2017/05/30,1750,FRONT ST E,Major Arterial,43.649378,-79.371425,Intersection,At Intersection,Traffic Signal,Rain,Daylight,Wet,Non-Fatal Injury,SMV Other,Motorcycle Driver,30 to 34,Major,False,False,False,True,False,False,True,False,False,False,13261,div8,district1
2017,2017/05/06,1248,YONGE  ST,Major Arterial,43.657344,-79.381328,Intersection,At Intersection,Traffic Signal,Clear,Daylight,Dry,Non-Fatal Injury,Cyclist Collisions,Driver,30 to 34,None,False,True,True,False,False,False,False,False,False,False,13302,div8,district1
2017,2017/05/06,1248,YONGE  ST,Major Arterial,43.657344,-79.381328,Intersection,At Intersection,Traffic Signal,Clear,Daylight,Dry,Non-Fatal Injury,Cyclist Collisions,Cyclist,70 to 74,Major,False,True,True,False,False,False,False,False,False,False,13310,div8,district1
2017,2017/05/07,620,KING ST E,Major Arterial,43.657664,-79.354923,Intersection,Intersection Related,No Control,Clear,"Daylight, artificial",Dry,Non-Fatal Injury,Approaching,Driver,40 to 44,None,False,False,True,False,False,True,True,False,False,False,13321,div8,district1
2017,2017/05/07,620,KING ST E,Major Arterial,43.657664,-79.354923,Intersection,Intersection Related,No Control,Clear,"Daylight, artificial",Dry,Non-Fatal Injury,Approaching,Driver,45 to 49,Minimal,False,False,True,False,False,True,True,False,False,False,13330,div8,district1
2017,2017/05/07,620,KING ST E,Major Arterial,43.657664,-79.354923,Intersection,Intersection Related,No Control,Clear,"Daylight, artificial",Dry,Non-Fatal Injury,Approaching,Driver,20 to 24,Major,False,False,True,False,False,True,True,False,False,False,13339,div8,district1
2017,2017/05/07,620,KING ST E,Major Arterial,43.657664,-79.354923,Intersection,Intersection Related,No Control,Clear,"Daylight, artificial",Dry,Non-Fatal Injury,Approaching,Passenger,20 to 24,Minimal,False,False,True,False,False,True,True,False,False,False,13347,div8,district1
2017,2017/05/07,620,KING ST E,Major Arterial,43.657664,-79.354923,Intersection,Intersection Related,No Control,Clear,"Daylight, artificial",Dry,Non-Fatal Injury,Approaching,Passenger,20 to 24,Minimal,False,False,True,False,False,True,True,False,False,False,13356,div8,district1
2017,2017/05/07,620,KING ST E,Major Arterial,43.657664,-79.354923,Intersection,Intersection Related,No Control,Clear,"Daylight, artificial",Dry,Non-Fatal Injury,Approaching,Passenger,55 to 59,Minimal,False,False,True,False,False,True,True,False,False,False,13364,div8,district1
2017,2017/05/07,620,KING ST E,Major Arterial,43.657664,-79.354923,Intersection,Intersection Related,No Control,Clear,"Daylight, artificial",Dry,Non-Fatal Injury,Approaching,Passenger,25 to 29,Minimal,False,False,True,False,False,True,True,False,False,False,13370,div8,district1
2017,2017/08/15,407,DUNDAS ST E,Major Arterial,43.658351,-79.370532,Mid-Block,Non Intersection,No Control,Rain,"Dark, artificial",Wet,Fatal,Pedestrian Collisions,Pedestrian,45 to 49,Fatal,True,False,True,False,False,False,False,False,False,False,13492,div8,district1
2017,2017/08/15,407,DUNDAS ST E,Major Arterial,43.658351,-79.370532,Mid-Block,Non Intersection,No Control,Rain,"Dark, artificial",Wet,Fatal,Pedestrian Collisions,Driver,unknown,None,True,False,True,False,False,False,False,False,False,False,13496,div8,district1
2017,2017/01/03,717,LOWER SHERBOURNE ST,Minor Arterial,43.648974,-79.367259,Intersection,At Intersection,Traffic Signal,Rain,Dark,Wet,Fatal,Pedestrian Collisions,Driver,35 to 39,None,True,False,True,False,False,False,False,False,False,False,13568,div8,district1
2017,2017/01/03,717,LOWER SHERBOURNE ST,Minor Arterial,43.648974,-79.367259,Intersection,At Intersection,Traffic Signal,Rain,Dark,Wet,Fatal,Pedestrian Collisions,Pedestrian,80 to 84,Fatal,True,False,True,False,False,False,False,False,False,False,13572,div8,district1
2017,2017/01/10,2003,ADELAIDE ST E,Major Arterial,43.651179,-79.374912,Intersection,At Intersection,Traffic Signal,Rain,"Dark, artificial",Wet,Non-Fatal Injury,Pedestrian Collisions,Driver,55 to 59,None,True,False,True,False,False,True,False,False,False,False,13673,div8,district1
2017,2017/01/10,2003,ADELAIDE ST E,Major Arterial,43.651179,-79.374912,Intersection,At Intersection,Traffic Signal,Rain,"Dark, artificial",Wet,Non-Fatal Injury,Pedestrian Collisions,Pedestrian,50 to 54,Major,True,False,True,False,False,True,False,False,False,False,13676,div8,district1
2017,2017/01/10,2003,ADELAIDE ST E,Major Arterial,43.651179,-79.374912,Intersection,At Intersection,Traffic Signal,Rain,"Dark, artificial",Wet,Non-Fatal Injury,Pedestrian Collisions,Passenger,15 to 19,None,True,False,True,False,False,True,False,False,False,False,13680,div8,district1
2017,2017/04/11,1919,GERRARD ST E,Minor Arterial,43.66265,-79.363513,Mid-Block,Non Intersection,No Control,Clear,Daylight,Dry,Non-Fatal Injury,Pedestrian Collisions,Driver,40 to 44,None,True,False,True,False,False,False,False,False,False,False,13695,div8,district1
2017,2017/04/11,1919,GERRARD ST E,Minor Arterial,43.66265,-79.363513,Mid-Block,Non Intersection,No Control,Clear,Daylight,Dry,Non-Fatal Injury,Pedestrian Collisions,Pedestrian,40 to 44,Major,True,False,True,False,False,False,False,False,False,False,13703,div8,district1
2017,2017/06/16,1820,YONGE  ST,Major Arterial,43.650336,-79.378429,Intersection,Intersection Related,No Control,Clear,Daylight,Dry,Non-Fatal Injury,Sideswipe,Driver,30 to 34,Minimal,False,False,True,False,True,False,False,False,False,False,13802,div8,district1
2017,2017/06/16,1820,YONGE  ST,Major Arterial,43.650336,-79.378429,Intersection,Intersection Related,No Control,Clear,Daylight,Dry,Non-Fatal Injury,Sideswipe,Truck Driver,35 to 39,Major,False,False,True,False,True,False,False,False,False,False,13815,div8,district1
2017,2017/06/26,1045,WELLESLEY ST E,Minor Arterial,43.665648,-79.380916,Intersection,At Intersection,Traffic Signal,Clear,Daylight,Dry,Non-Fatal Injury,Pedestrian Collisions,Pedestrian,70 to 74,Major,True,False,False,False,True,False,False,False,False,False,13922,div8,district1
2017,2017/06/26,1045,WELLESLEY ST E,Minor Arterial,43.665648,-79.380916,Intersection,At Intersection,Traffic Signal,Clear,Daylight,Dry,Non-Fatal Injury,Pedestrian Collisions,Truck Driver,55 to 59,None,True,False,False,False,True,False,False,False,False,False,13928,div8,district1
2017,2017/07/27,1540,QUEEN ST W,Major Arterial,43.652369,-79.379222,Intersection,At Intersection,Traffic Signal,Clear,Daylight,Dry,Non-Fatal Injury,Other,Passenger,65 to 69,Major,False,False,False,False,False,True,False,False,False,False,13987,div8,district1
2017,2017/07/27,1540,QUEEN ST W,Major Arterial,43.652369,-79.379222,Intersection,At Intersection,Traffic Signal,Clear,Daylight,Dry,Non-Fatal Injury,Other,Driver,40 to 44,None,False,False,False,False,False,True,False,False,False,False,13988,div8,district1
2018,2018/08/18,223,315 UNWIN AVE,Local,43.642554,-79.340259,Mid-Block,Non Intersection,No Control,Clear,"Dark, artificial",Wet,Non-Fatal Injury,Pedestrian Collisions,Driver,25 to 29,None,True,False,True,False,False,True,False,False,False,False,14024,div8,district1
2018,2018/08/18,223,315 UNWIN AVE,Local,43.642554,-79.340259,Mid-Block,Non Intersection,No Control,Clear,"Dark, artificial",Wet,Non-Fatal Injury,Pedestrian Collisions,Passenger,20 to 24,None,True,False,True,False,False,True,False,False,False,False,14025,div8,district1
2018,2018/08/18,223,315 UNWIN AVE,Local,43.642554,-79.340259,Mid-Block,Non Intersection,No Control,Clear,"Dark, artificial",Wet,Non-Fatal Injury,Pedestrian Collisions,Pedestrian,20 to 24,Major,True,False,True,False,False,True,False,False,False,False,14026,div8,district1
2018,2018/06/22,2314,RICHMOND ST E,Major Arterial,43.654486,-79.363986,Intersection,At Intersection,Traffic Signal,Rain,"Dark, artificial",Wet,Non-Fatal Injury,Angle,Driver,25 to 29,Major,False,False,True,False,False,False,True,False,False,False,14193,div8,district1
2018,2018/06/22,2314,RICHMOND ST E,Major Arterial,43.654486,-79.363986,Intersection,At Intersection,Traffic Signal,Rain,"Dark, artificial",Wet,Non-Fatal Injury,Angle,Driver,40 to 44,None,False,False,True,False,False,False,True,False,False,False,14194,div8,district1
2018,2018/06/24,1740,WELLINGTON ST E,Major Arterial,43.647772,-79.37733,Intersection,At Intersection,Traffic Signal,Clear,"Daylight, artificial",Dry,Non-Fatal Injury,Pedestrian Collisions,Driver,25 to 29,None,True,False,True,False,False,False,False,False,False,False,14207,div8,district1
2018,2018/06/24,1740,WELLINGTON ST E,Major Arterial,43.647772,-79.37733,Intersection,At Intersection,Traffic Signal,Clear,"Daylight, artificial",Dry,Non-Fatal Injury,Pedestrian Collisions,Driver,30 to 34,None,True,False,True,False,False,False,False,False,False,False,14208,div8,district1
2018,2018/06/24,1740,WELLINGTON ST E,Major Arterial,43.647772,-79.37733,Intersection,At Intersection,Traffic Signal,Clear,"Daylight, artificial",Dry,Non-Fatal Injury,Pedestrian Collisions,Pedestrian,60 to 64,Major,True,False,True,False,False,False,False,False,False,False,14209,div8,district1
2017,2017/12/07,705,PARLIAMENT ST,Minor Arterial,43.670878,-79.370654,Mid-Block,Non Intersection,No Control,Clear,"Dark, artificial",Dry,Non-Fatal Injury,Pedestrian Collisions,Pedestrian,40 to 44,Major,True,False,True,False,False,False,False,False,False,False,14334,div8,district1
2017,2017/12/07,705,PARLIAMENT ST,Minor Arterial,43.670878,-79.370654,Mid-Block,Non Intersection,No Control,Clear,"Dark, artificial",Dry,Non-Fatal Injury,Pedestrian Collisions,Driver,50 to 54,None,True,False,True,False,False,False,False,False,False,False,14335,div8,district1
2017,2017/12/15,1237,CHURCH ST,Minor Arterial,43.648543,-79.373821,Intersection,At Intersection,Traffic Signal,Other,Daylight,Other,Fatal,Pedestrian Collisions,Truck Driver,55 to 59,None,True,False,False,False,True,False,False,False,False,False,14342,div8,district1
2017,2017/12/15,1237,CHURCH ST,Minor Arterial,43.648543,-79.373821,Intersection,At Intersection,Traffic Signal,Other,Daylight,Other,Fatal,Pedestrian Collisions,Pedestrian,20 to 24,Fatal,True,False,False,False,True,False,False,False,False,False,14343,div8,district1
2018,2018/02/09,1125,LOWER JARVIS ST,Major Arterial,43.648657,-79.37112,Mid-Block,Non Intersection,No Control,Snow,Daylight,Loose Snow,Non-Fatal Injury,Pedestrian Collisions,Pedestrian,75 to 79,Major,True,False,True,False,False,False,False,False,False,False,14389,div8,district1
2018,2018/02/09,1125,LOWER JARVIS ST,Major Arterial,43.648657,-79.37112,Mid-Block,Non Intersection,No Control,Snow,Daylight,Loose Snow,Non-Fatal Injury,Pedestrian Collisions,Driver,25 to 29,None,True,False,True,False,False,False,False,False,False,False,14392,div8,district1
2018,2018/03/19,1032,GEORGE ST,Major Arterial,43.657229,-79.373416,Intersection,At Intersection,Stop Sign,Clear,Daylight,Dry,Non-Fatal Injury,Pedestrian Collisions,Driver,70 to 74,None,True,False,True,False,False,False,False,False,False,False,14450,div8,district1
2018,2018/03/19,1032,GEORGE ST,Major Arterial,43.657229,-79.373416,Intersection,At Intersection,Stop Sign,Clear,Daylight,Dry,Non-Fatal Injury,Pedestrian Collisions,Pedestrian,0 to 4,Major,True,False,True,False,False,False,False,False,False,False,14451,div8,district1