YEAR,DATE,TIME,STREET1,ROAD_CLASS,LATITUDE,LONGITUDE,LOCCOORD,ACCLOC,TRAFFCTL,VISIBILITY,LIGHT,RDSFCOND,ACCLASS,IMPACTYPE,INVTYPE,INVAGE,INJURY,PEDESTRIAN,CYCLIST,AUTOMOBILE,MOTORCYCLE,TRUCK,PASSENGER,SPEEDING,REDLIGHT,ALCOHOL,DISABILITY,Record_ID,division_id,district_id
2020,2020/08/25,1736,HOWARD ST,Local,43.671263,-79.373225,Intersection,At Intersection,Stop Sign,Clear,Daylight,Dry,Non-Fatal Injury,Cyclist Collisions,Driver,25 to 29,None,False,True,True,False,False,False,False,False,False,False,16574,div8,district1
2020,2020/05/01,1452,PEMBROKE ST,Major Arterial,43.658099,-79.372348,Intersection,At Intersection,Stop Sign,Clear,Daylight,Dry,Non-Fatal Injury,Pedestrian Collisions,Driver,30 to 34,None,True,False,True,False,False,True,False,False,False,False,16578,div8,district1
2020,2020/05/01,1452,PEMBROKE ST,Major Arterial,43.658099,-79.372348,Intersection,At Intersection,Stop Sign,Clear,Daylight,Dry,Non-Fatal Injury,Pedestrian Collisions,Passenger,25 to 29,None,True,False,True,False,False,True,False,False,False,False,16587,div8,district1
2020,2020/05/01,1452,PEMBROKE ST,Major Arterial,43.658099,-79.372348,Intersection,At Intersection,Stop Sign,Clear,Daylight,Dry,Non-Fatal Injury,Pedestrian Collisions,Pedestrian,40 to 44,Major,True,False,True,False,False,True,False,False,False,False,16596,div8,district1
2019,2019/11/28,1448,YONGE ST,Major Arterial,43.659022,-79.382076,Intersection,At Intersection,Traffic Signal,Clear,Daylight,Dry,Non-Fatal Injury,Pedestrian Collisions,Truck Driver,55 to 59,None,True,False,False,False,True,False,False,False,False,False,16700,div8,district1
2019,2019/11/28,1448,YONGE ST,Major Arterial,43.659022,-79.382076,Intersection,At Intersection,Traffic Signal,Clear,Daylight,Dry,Non-Fatal Injury,Pedestrian Collisions,Pedestrian,65 to 69,Major,True,False,False,False,True,False,False,False,False,False,16707,div8,district1
2021,2021/03/18,715,YONGE  ST,Major Arterial,43.662947,-79.383746,Intersection,Intersection Related,Traffic Signal,Clear,Daylight,Wet,Non-Fatal Injury,Pedestrian Collisions,Driver,55 to 59,None,True,False,True,False,False,False,False,False,False,False,16725,div8,district1
2021,2021/03/18,715,YONGE  ST,Major Arterial,43.662947,-79.383746,Intersection,Intersection Related,Traffic Signal,Clear,Daylight,Wet,Non-Fatal Injury,Pedestrian Collisions,Pedestrian,40 to 44,Major,True,False,True,False,False,False,False,False,False,False,16732,div8,district1
2019,2019/10/30,304,RICHMOND ST E,Major Arterial,43.652632,-79.372791,Intersection,At Intersection,Traffic Signal,Clear,"Dark, artificial",Dry,Non-Fatal Injury,Pedestrian Collisions,Driver,55 to 59,None,True,False,True,False,False,False,False,False,False,False,16751,div8,district1
2019,2019/10/30,304,RICHMOND ST E,Major Arterial,43.652632,-79.372791,Intersection,At Intersection,Traffic Signal,Clear,"Dark, artificial",Dry,Non-Fatal Injury,Pedestrian Collisions,Pedestrian,60 to 64,Major,True,False,True,False,False,False,False,False,False,False,16758,div8,district1
2020,2020/01/20,940,F G GARDINER XY  W,Expressway,43.644503,-79.375179,Mid-Block,Non Intersection,No Control,Clear,Daylight,Dry,Non-Fatal Injury,SMV Other,Driver,60 to 64,Major,False,False,True,False,False,False,False,False,False,True,16783,div8,district1
2020,2020/01/20,940,F G GARDINER XY  W,Expressway,43.644503,-79.375179,Mid-Block,Non Intersection,No Control,Clear,Daylight,Dry,Non-Fatal Injury,SMV Other,Driver,30 to 34,None,False,False,True,False,False,False,False,False,False,True,16790,div8,district1
2020,2020/09/10,2240,BLOOR ST E,Major Arterial,43.670973,-79.383121,Intersection,Intersection Related,Traffic Signal,Clear,"Dark, artificial",Dry,Non-Fatal Injury,SMV Other,Motorcycle Driver,40 to 44,Major,False,True,False,True,False,True,True,False,False,False,16833,div8,district1
2020,2020/09/10,2240,BLOOR ST E,Major Arterial,43.670973,-79.383121,Intersection,Intersection Related,Traffic Signal,Clear,"Dark, artificial",Dry,Non-Fatal Injury,SMV Other,Moped Passenger,35 to 39,Major,False,True,False,True,False,True,True,False,False,False,16834,div8,district1
2021,2021/03/25,2219,LAKE SHORE  BLVD E,Major Arterial,43.650523,-79.347614,Mid-Block,Non Intersection,No Control,Clear,Dark,Dry,Non-Fatal Injury,SMV Other,Driver,35 to 39,Major,False,False,True,False,False,False,False,False,False,False,16840,div8,district1
2020,2020/09/12,256,DUNDAS  ST E,Major Arterial,43.659369,-79.365978,Intersection,Intersection Related,Traffic Signal,Clear,"Dark, artificial",Dry,Non-Fatal Injury,Pedestrian Collisions,Driver,25 to 29,None,True,False,True,False,False,False,False,True,False,False,16842,div8,district1
2020,2020/09/12,256,DUNDAS  ST E,Major Arterial,43.659369,-79.365978,Intersection,Intersection Related,Traffic Signal,Clear,"Dark, artificial",Dry,Non-Fatal Injury,Pedestrian Collisions,Pedestrian,50 to 54,Major,True,False,True,False,False,False,False,True,False,False,16850,div8,district1
2020,2020/09/14,1200,VICTORIA ST,Collector,43.655104,-79.379085,Mid-Block,Non Intersection,No Control,Clear,Daylight,Dry,Non-Fatal Injury,Pedestrian Collisions,Driver,60 to 64,None,True,False,True,False,False,False,False,False,False,False,16856,div8,district1
2020,2020/09/14,1200,VICTORIA ST,Collector,43.655104,-79.379085,Mid-Block,Non Intersection,No Control,Clear,Daylight,Dry,Non-Fatal Injury,Pedestrian Collisions,Pedestrian,35 to 39,Major,True,False,True,False,False,False,False,False,False,False,16864,div8,district1
2020,2020/08/09,1106,YONGE  ST,Major Arterial,43.657725,-79.381496,Intersection,Intersection Related,No Control,Clear,Daylight,Dry,Non-Fatal Injury,Pedestrian Collisions,Driver,40 to 44,None,True,False,False,False,False,False,False,False,False,False,16866,div8,district1
2020,2020/08/09,1106,YONGE  ST,Major Arterial,43.657725,-79.381496,Intersection,Intersection Related,No Control,Clear,Daylight,Dry,Non-Fatal Injury,Pedestrian Collisions,Pedestrian,30 to 34,Major,True,False,False,False,False,False,False,False,False,False,16874,div8,district1
2021,2021/04/01,1902,QUEENS QUAY E,Minor Arterial,43.646342,-79.361942,Intersection,Intersection Related,No Control,Clear,Daylight,Dry,Non-Fatal Injury,SMV Other,Motorcycle Driver,45 to 49,Major,False,False,False,True,False,False,False,False,False,False,16882,div8,district1
2020,2020/09/18,1818,MUTUAL ST,Local,43.66239,-79.378139,Mid-Block,Non Intersection,No Control,Clear,"Dusk, artificial",Dry,Non-Fatal Injury,Pedestrian Collisions,Driver,unknown,None,True,False,True,False,False,False,False,False,False,False,16939,div8,district1
2020,2020/09/18,1818,MUTUAL ST,Local,43.66239,-79.378139,Mid-Block,Non Intersection,No Control,Clear,"Dusk, artificial",Dry,Non-Fatal Injury,Pedestrian Collisions,Pedestrian,60 to 64,Major,True,False,True,False,False,False,False,False,False,False,16944,div8,district1
2021,2021/04/05,2345,EASTERN  AVE,Minor Arterial,43.653208,-79.359607,Mid-Block,Non Intersection,No Control,Clear,"Dark, artificial",Dry,Non-Fatal Injury,SMV Other,Driver,15 to 19,Major,False,False,True,False,False,True,False,False,True,False,17001,div8,district1
2021,2021/04/05,2345,EASTERN  AVE,Minor Arterial,43.653208,-79.359607,Mid-Block,Non Intersection,No Control,Clear,"Dark, artificial",Dry,Non-Fatal Injury,SMV Other,Driver,25 to 29,None,False,False,True,False,False,True,False,False,True,False,17004,div8,district1
2022,2022/08/11,1314,QUEEN ST E,Major Arterial,43.652369,-79.379222,Intersection,At Intersection,Traffic Signal,Clear,Daylight,Dry,Non-Fatal Injury,Turning Movement,Truck Driver,50 to 54,None,False,False,False,True,True,False,False,True,False,False,17079,div8,district1
2022,2022/08/11,1314,QUEEN ST E,Major Arterial,43.652369,-79.379222,Intersection,At Intersection,Traffic Signal,Clear,Daylight,Dry,Non-Fatal Injury,Turning Movement,Motorcycle Driver,55 to 59,Major,False,False,False,True,True,False,False,True,False,False,17080,div8,district1
2021,2021/04/05,2345,EASTERN  AVE,Minor Arterial,43.653208,-79.359607,Mid-Block,Non Intersection,No Control,Clear,"Dark, artificial",Dry,Non-Fatal Injury,SMV Other,Passenger,15 to 19,Minor,False,False,True,False,False,True,False,False,True,False,17114,div8,district1
2021,2021/09/10,1926,GERRARD ST E,Minor Arterial,43.659201,-79.381183,Mid-Block,Non Intersection,No Control,Clear,"Dark, artificial",Dry,Non-Fatal Injury,Cyclist Collisions,Driver,25 to 29,None,False,True,True,False,False,True,False,False,False,False,17118,div8,district1
2021,2021/09/10,1926,GERRARD ST E,Minor Arterial,43.659201,-79.381183,Mid-Block,Non Intersection,No Control,Clear,"Dark, artificial",Dry,Non-Fatal Injury,Cyclist Collisions,Cyclist,30 to 34,Major,False,True,True,False,False,True,False,False,False,False,17119,div8,district1
2021,2021/09/10,1926,GERRARD ST E,Minor Arterial,43.659201,-79.381183,Mid-Block,Non Intersection,No Control,Clear,"Dark, artificial",Dry,Non-Fatal Injury,Cyclist Collisions,Passenger,20 to 24,None,False,True,True,False,False,True,False,False,False,False,17120,div8,district1
2021,2021/10/07,702,LAKE SHORE BV E,Expressway,43.650729,-79.347492,Mid-Block,Non Intersection,No Control,Clear,Daylight,Dry,Non-Fatal Injury,SMV Other,Driver,45 to 49,Major,False,False,True,False,False,False,True,False,False,False,17163,div8,district1
2021,2021/04/05,2345,EASTERN  AVE,Minor Arterial,43.653208,-79.359607,Mid-Block,Non Intersection,No Control,Clear,"Dark, artificial",Dry,Non-Fatal Injury,SMV Other,Passenger,15 to 19,Minor,False,False,True,False,False,True,False,False,True,False,17225,div8,district1
2021,2021/07/31,36,F G GARDINER XY E,Expressway,43.645636,-79.370395,Mid-Block,Non Intersection,No Control,Clear,"Dark, artificial",Dry,Non-Fatal Injury,Rear End,Motorcycle Driver,35 to 39,Major,False,False,True,True,False,True,True,False,False,False,17230,div8,district1
2021,2021/07/31,36,F G GARDINER XY E,Expressway,43.645636,-79.370395,Mid-Block,Non Intersection,No Control,Clear,"Dark, artificial",Dry,Non-Fatal Injury,Rear End,Driver,50 to 54,None,False,False,True,True,False,True,True,False,False,False,17231,div8,district1
2021,2021/07/31,36,F G GARDINER XY E,Expressway,43.645636,-79.370395,Mid-Block,Non Intersection,No Control,Clear,"Dark, artificial",Dry,Non-Fatal Injury,Rear End,Passenger,50 to 54,None,False,False,True,True,False,True,True,False,False,False,17232,div8,district1
2021,2021/07/31,36,F G GARDINER XY E,Expressway,43.645636,-79.370395,Mid-Block,Non Intersection,No Control,Clear,"Dark, artificial",Dry,Non-Fatal Injury,Rear End,Passenger,15 to 19,None,False,False,True,True,False,True,True,False,False,False,17233,div8,district1
2021,2021/08/04,619,SUMACH ST,Local,43.657763,-79.359294,Mid-Block,Non Intersection,No Control,Clear,"Daylight, artificial",Dry,Non-Fatal Injury,SMV Other,Driver,60 to 64,Major,False,False,True,False,False,False,False,False,False,True,17242,div8,district1
2021,2021/08/17,1900,FRONT ST E,Collector,43.65256,-79.357959,Intersection,Intersection Related,Traffic Signal,Clear,Daylight,Dry,Non-Fatal Injury,SMV Other,Driver,30 to 34,None,True,False,True,False,False,False,False,False,False,False,17270,div8,district1
2021,2021/08/17,1900,FRONT ST E,Collector,43.65256,-79.357959,Intersection,Intersection Related,Traffic Signal,Clear,Daylight,Dry,Non-Fatal Injury,SMV Other,Pedestrian,25 to 29,Major,True,False,True,False,False,False,False,False,False,False,17271,div8,district1
2021,2021/04/05,2345,EASTERN  AVE,Minor Arterial,43.653208,-79.359607,Mid-Block,Non Intersection,No Control,Clear,"Dark, artificial",Dry,Non-Fatal Injury,SMV Other,Passenger,15 to 19,Major,False,False,True,False,False,True,False,False,True,False,17329,div8,district1
2021,2021/04/05,2345,EASTERN  AVE,Minor Arterial,43.653208,-79.359607,Mid-Block,Non Intersection,No Control,Clear,"Dark, artificial",Dry,Non-Fatal Injury,SMV Other,Passenger,25 to 29,None,False,False,True,False,False,True,False,False,True,False,17335,div8,district1
2021,2021/06/05,851,PARLIAMENT  ST,Major Arterial,43.654486,-79.363986,Intersection,At Intersection,Traffic Signal,Clear,Daylight,Dry,Non-Fatal Injury,Angle,Driver,40 to 44,Major,False,False,True,False,False,False,False,True,False,False,17475,div8,district1
2021,2021/06/05,851,PARLIAMENT  ST,Major Arterial,43.654486,-79.363986,Intersection,At Intersection,Traffic Signal,Clear,Daylight,Dry,Non-Fatal Injury,Angle,Driver,75 to 79,Major,False,False,True,False,False,False,False,True,False,False,17483,div8,district1
2022,2022/09/05,424,YONGE ST,Major Arterial,43.661299,-79.383067,Intersection,At Intersection,Traffic Signal,Clear,"Dark, artificial",Dry,Fatal,Pedestrian Collisions,Driver,30 to 34,None,True,False,True,False,False,False,False,False,False,False,17495,div8,district1
2022,2022/09/05,424,YONGE ST,Major Arterial,43.661299,-79.383067,Intersection,At Intersection,Traffic Signal,Clear,"Dark, artificial",Dry,Fatal,Pedestrian Collisions,Driver,25 to 29,None,True,False,True,False,False,False,False,False,False,False,17502,div8,district1
2022,2022/09/05,424,YONGE ST,Major Arterial,43.661299,-79.383067,Intersection,At Intersection,Traffic Signal,Clear,"Dark, artificial",Dry,Fatal,Pedestrian Collisions,Pedestrian,40 to 44,Fatal,True,False,True,False,False,False,False,False,False,False,17503,div8,district1
2021,2021/11/18,959,SHERBOURNE ST,Major Arterial,43.658221,-79.37099,Intersection,At Intersection,Traffic Signal,Clear,Daylight,Dry,Fatal,Pedestrian Collisions,Truck Driver,55 to 59,Minimal,True,False,False,False,True,False,False,False,False,False,17620,div8,district1
2022,2022/09/14,1436,KING ST E,Major Arterial,43.649707,-79.374957,Mid-Block,Non Intersection,No Control,Clear,Daylight,Dry,Non-Fatal Injury,Cyclist Collisions,Motorcycle Driver,20 to 24,Major,False,True,False,True,False,False,True,False,False,False,17628,div8,district1
2021,2021/11/18,959,SHERBOURNE ST,Major Arterial,43.658221,-79.37099,Intersection,At Intersection,Traffic Signal,Clear,Daylight,Dry,Fatal,Pedestrian Collisions,Wheelchair,55 to 59,Fatal,True,False,False,False,True,False,False,False,False,False,17629,div8,district1
2022,2022/09/14,1436,KING ST E,Major Arterial,43.649707,-79.374957,Mid-Block,Non Intersection,No Control,Clear,Daylight,Dry,Non-Fatal Injury,Cyclist Collisions,Cyclist,40 to 44,None,False,True,False,True,False,False,True,False,False,False,17636,div8,district1
2021,2021/12/01,1130,SEATON ST,Local,43.657489,-79.368999,Mid-Block,Non Intersection,No Control,Clear,Daylight,Dry,Non-Fatal Injury,SMV Unattended Vehicle,Driver,30 to 34,Major,False,False,True,False,False,False,True,False,False,False,17687,div8,district1
2022,2022/09/18,150,F G GARDINER XY  E,Expressway,43.648947,-79.355068,Mid-Block,Non Intersection,No Control,Clear,"Dark, artificial",Dry,Non-Fatal Injury,SMV Other,Motorcycle Driver,30 to 34,Major,False,False,False,True,False,True,True,False,False,False,17695,div8,district1
2022,2022/05/14,2045,151 CHERRY ST,Collector,43.639537,-79.347293,Mid-Block,Non Intersection,No Control,Clear,"Dark, artificial",Loose Sand or Gravel,Non-Fatal Injury,SMV Other,Motorcycle Driver,60 to 64,Minor,False,False,False,True,False,True,True,False,False,False,17698,div8,district1
2022,2022/09/18,150,F G GARDINER XY  E,Expressway,43.648947,-79.355068,Mid-Block,Non Intersection,No Control,Clear,"Dark, artificial",Dry,Non-Fatal Injury,SMV Other,Motorcycle Passenger,30 to 34,Major,False,False,False,True,False,True,True,False,False,False,17702,div8,district1
2022,2022/05/14,2045,151 CHERRY ST,Collector,43.639537,-79.347293,Mid-Block,Non Intersection,No Control,Clear,"Dark, artificial",Loose Sand or Gravel,Non-Fatal Injury,SMV Other,Motorcycle Passenger,75 to 79,Major,False,False,False,True,False,True,True,False,False,False,17704,div8,district1
2021,2021/07/13,745,GERRARD ST E,Minor Arterial,43.660609,-79.374698,Intersection,Intersection Related,Stop Sign,Clear,Daylight,Dry,Non-Fatal Injury,Cyclist Collisions,Cyclist,75 to 79,Major,False,True,True,False,False,False,False,False,False,False,17776,div8,district1
2021,2021/07/13,745,GERRARD ST E,Minor Arterial,43.660609,-79.374698,Intersection,Intersection Related,Stop Sign,Clear,Daylight,Dry,Non-Fatal Injury,Cyclist Collisions,Driver,50 to 54,None,False,True,True,False,False,False,False,False,False,False,17782,div8,district1
2022,2022/03/06,1521,DUNDAS ST E,Local,43.656188,-79.378276,Mid-Block,At/Near Private Drive,No Control,Clear,Daylight,Dry,Fatal,Pedestrian Collisions,Vehicle Owner,unknown,Other,True,False,True,False,False,False,False,False,False,False,17806,div8,district1
2022,2022/03/06,1521,DUNDAS ST E,Local,43.656188,-79.378276,Mid-Block,At/Near Private Drive,No Control,Clear,Daylight,Dry,Fatal,Pedestrian Collisions,Pedestrian,45 to 49,Fatal,True,False,True,False,False,False,False,False,False,False,17807,div8,district1
2022,2022/03/06,1521,DUNDAS ST E,Local,43.656188,-79.378276,Mid-Block,At/Near Private Drive,No Control,Clear,Daylight,Dry,Fatal,Pedestrian Collisions,Driver,55 to 59,None,True,False,True,False,False,False,False,False,False,False,17811,div8,district1
2022,2022/07/13,1311,LAKESHORE BLVD E,Major Arterial,43.644316,-79.374988,Mid-Block,Non Intersection,No Control,Clear,Daylight,Dry,Non-Fatal Injury,Rear End,Driver,30 to 34,Major,False,False,True,False,True,False,False,False,False,False,17847,div8,district1
2022,2022/07/13,1311,LAKESHORE BLVD E,Major Arterial,43.644316,-79.374988,Mid-Block,Non Intersection,No Control,Clear,Daylight,Dry,Non-Fatal Injury,Rear End,Truck Driver,50 to 54,None,False,False,True,False,True,False,False,False,False,False,17851,div8,district1
2022,2022/05/30,1847,QUEENS QUAY E,Minor Arterial,43.645484,-79.364284,Intersection,At Intersection,No Control,Clear,Daylight,Dry,Non-Fatal Injury,Cyclist Collisions,Driver,50 to 54,None,False,True,True,False,False,False,False,False,False,False,17863,div8,district1
2022,2022/05/30,1847,QUEENS QUAY E,Minor Arterial,43.645484,-79.364284,Intersection,At Intersection,No Control,Clear,Daylight,Dry,Non-Fatal Injury,Cyclist Collisions,Cyclist,10 to 14,Major,False,True,True,False,False,False,False,False,False,False,17883,div8,district1
2021,2021/12/26,1402,YONGE ST,Major Arterial,43.651618,-79.378948,Intersection,At Intersection,Traffic Signal,Clear,Daylight,Dry,Fatal,Pedestrian Collisions,Pedestrian,0 to 4,None,True,False,True,False,False,False,False,False,False,False,17892,div8,district1
2021,2021/12/26,1402,YONGE ST,Major Arterial,43.651618,-79.378948,Intersection,At Intersection,Traffic Signal,Clear,Daylight,Dry,Fatal,Pedestrian Collisions,Pedestrian,15 to 19,Fatal,True,False,True,False,False,False,False,False,False,False,17898,div8,district1
2021,2021/12/26,1402,YONGE ST,Major Arterial,43.651618,-79.378948,Intersection,At Intersection,Traffic Signal,Clear,Daylight,Dry,Fatal,Pedestrian Collisions,Pedestrian,45 to 49,Major,True,False,True,False,False,False,False,False,False,False,17907,div8,district1
2021,2021/12/26,1402,YONGE ST,Major Arterial,43.651618,-79.378948,Intersection,At Intersection,Traffic Signal,Clear,Daylight,Dry,Fatal,Pedestrian Collisions,Pedestrian,35 to 39,Minor,True,False,True,False,False,False,False,False,False,False,17915,div8,district1
2021,2021/05/21,325,DUNDAS ST E,Major Arterial,43.658202,-79.371028,Mid-Block,Non Intersection,No Control,Clear,"Dark, artificial",Dry,Fatal,Pedestrian Collisions,Pedestrian,55 to 59,Fatal,True,False,True,False,False,False,False,False,False,False,17922,div8,district1
2021,2021/12/26,1402,YONGE ST,Major Arterial,43.651618,-79.378948,Intersection,At Intersection,Traffic Signal,Clear,Daylight,Dry,Fatal,Pedestrian Collisions,Pedestrian,35 to 39,Minor,True,False,True,False,False,False,False,False,False,False,17923,div8,district1
2021,2021/12/26,1402,YONGE ST,Major Arterial,43.651618,-79.378948,Intersection,At Intersection,Traffic Signal,Clear,Daylight,Dry,Fatal,Pedestrian Collisions,Pedestrian,15 to 19,Major,True,False,True,False,False,False,False,False,False,False,17929,div8,district1
2021,2021/05/21,325,DUNDAS ST E,Major Arterial,43.658202,-79.371028,Mid-Block,Non Intersection,No Control,Clear,"Dark, artificial",Dry,Fatal,Pedestrian Collisions,Driver,20 to 24,None,True,False,True,False,False,False,False,False,False,False,17931,div8,district1
2021,2021/12/26,1402,YONGE ST,Major Arterial,43.651618,-79.378948,Intersection,At Intersection,Traffic Signal,Clear,Daylight,Dry,Fatal,Pedestrian Collisions,Driver,30 to 34,None,True,False,True,False,False,False,False,False,False,False,17937,div8,district1
2021,2021/12/26,1402,YONGE ST,Major Arterial,43.651618,-79.378948,Intersection,At Intersection,Traffic Signal,Clear,Daylight,Dry,Fatal,Pedestrian Collisions,Driver,20 to 24,Minor,True,False,True,False,False,False,False,False,False,False,17943,div8,district1
2021,2021/12/26,1402,YONGE ST,Major Arterial,43.651618,-79.378948,Intersection,At Intersection,Traffic Signal,Clear,Daylight,Dry,Fatal,Pedestrian Collisions,Pedestrian,40 to 44,Minor,True,False,True,False,False,False,False,False,False,False,17948,div8,district1
2022,2022/09/30,1005,33 QUEEN ST E,Major Arterial,43.652686,-79.377605,Mid-Block,Non Intersection,No Control,Clear,Daylight,Dry,Non-Fatal Injury,Turning Movement,Driver,85 to 89,Major,False,False,True,False,True,True,False,False,False,False,18004,div8,district1
2022,2022/09/30,1005,33 QUEEN ST E,Major Arterial,43.652686,-79.377605,Mid-Block,Non Intersection,No Control,Clear,Daylight,Dry,Non-Fatal Injury,Turning Movement,Driver,55 to 59,Minimal,False,False,True,False,True,True,False,False,False,False,18005,div8,district1
2022,2022/09/30,1005,33 QUEEN ST E,Major Arterial,43.652686,-79.377605,Mid-Block,Non Intersection,No Control,Clear,Daylight,Dry,Non-Fatal Injury,Turning Movement,Truck Driver,55 to 59,Minor,False,False,True,False,True,True,False,False,False,False,18006,div8,district1
2022,2022/09/30,1005,33 QUEEN ST E,Major Arterial,43.652686,-79.377605,Mid-Block,Non Intersection,No Control,Clear,Daylight,Dry,Non-Fatal Injury,Turning Movement,Passenger,55 to 59,Minimal,False,False,True,False,True,True,False,False,False,False,18007,div8,district1
2022,2022/09/30,1731,CARLTON ST,Major Arterial,43.662413,-79.376689,Intersection,At Intersection,Traffic Signal,Clear,Daylight,Dry,Non-Fatal Injury,Pedestrian Collisions,Driver,25 to 29,None,True,False,True,True,False,True,False,False,False,False,18011,div8,district1
2022,2022/09/30,1731,CARLTON ST,Major Arterial,43.662413,-79.376689,Intersection,At Intersection,Traffic Signal,Clear,Daylight,Dry,Non-Fatal Injury,Pedestrian Collisions,Motorcycle Driver,55 to 59,Major,True,False,True,True,False,True,False,False,False,False,18012,div8,district1
2022,2022/09/30,1731,CARLTON ST,Major Arterial,43.662413,-79.376689,Intersection,At Intersection,Traffic Signal,Clear,Daylight,Dry,Non-Fatal Injury,Pedestrian Collisions,Passenger,unknown,None,True,False,True,True,False,True,False,False,False,False,18013,div8,district1
2022,2022/09/30,1731,CARLTON ST,Major Arterial,43.662413,-79.376689,Intersection,At Intersection,Traffic Signal,Clear,Daylight,Dry,Non-Fatal Injury,Pedestrian Collisions,Pedestrian,35 to 39,Minimal,True,False,True,True,False,True,False,False,False,False,18014,div8,district1
2022,2022/09/30,1731,CARLTON ST,Major Arterial,43.662413,-79.376689,Intersection,At Intersection,Traffic Signal,Clear,Daylight,Dry,Non-Fatal Injury,Pedestrian Collisions,Pedestrian,35 to 39,Minimal,True,False,True,True,False,True,False,False,False,False,18015,div8,district1
2022,2022/12/15,1134,MAITLAND PL,Collector,43.665648,-79.375507,Intersection,At Intersection,No Control,Freezing Rain,Daylight,Wet,Non-Fatal Injury,Pedestrian Collisions,Driver,60 to 64,Major,True,False,True,False,False,False,True,False,False,False,18173,div8,district1
2022,2022/12/15,1134,MAITLAND PL,Collector,43.665648,-79.375507,Intersection,At Intersection,No Control,Freezing Rain,Daylight,Wet,Non-Fatal Injury,Pedestrian Collisions,Pedestrian,unknown,Minor,True,False,True,False,False,False,True,False,False,False,18174,div8,district1
2022,2022/12/18,2228,LAKE SHORE BLVD E,Major Arterial,43.645507,-79.369792,Intersection,At Intersection,Traffic Signal,Clear,"Dark, artificial",Dry,Non-Fatal Injury,Cyclist Collisions,Cyclist,40 to 44,Major,False,True,True,False,False,True,False,False,False,False,18180,div8,district1
2022,2022/12/18,2228,LAKE SHORE BLVD E,Major Arterial,43.645507,-79.369792,Intersection,At Intersection,Traffic Signal,Clear,"Dark, artificial",Dry,Non-Fatal Injury,Cyclist Collisions,Driver,25 to 29,None,False,True,True,False,False,True,False,False,False,False,18181,div8,district1
2022,2022/12/18,2228,LAKE SHORE BLVD E,Major Arterial,43.645507,-79.369792,Intersection,At Intersection,Traffic Signal,Clear,"Dark, artificial",Dry,Non-Fatal Injury,Cyclist Collisions,Passenger,25 to 29,None,False,True,True,False,False,True,False,False,False,False,18182,div8,district1
2022,2022/12/18,2228,LAKE SHORE BLVD E,Major Arterial,43.645507,-79.369792,Intersection,At Intersection,Traffic Signal,Clear,"Dark, artificial",Dry,Non-Fatal Injury,Cyclist Collisions,Passenger,20 to 24,None,False,True,True,False,False,True,False,False,False,False,18183,div8,district1
2017,2017/08/14,900,VICTORIA PARK AVE,Major Arterial,43.717787,-79.299754,Intersection,Intersection Related,No Control,Clear,Daylight,Dry,Non-Fatal Injury,Rear End,Driver,65 to 69,Major,False,False,True,False,False,True,False,False,False,False,13474,div9,district1
2017,2017/08/14,900,VICTORIA PARK AVE,Major Arterial,43.717787,-79.299754,Intersection,Intersection Related,No Control,Clear,Daylight,Dry,Non-Fatal Injury,Rear End,Driver,25 to 29,Minor,False,False,True,False,False,True,False,False,False,False,13480,div9,district1
2017,2017/08/14,900,VICTORIA PARK AVE,Major Arterial,43.717787,-79.299754,Intersection,Intersection Related,No Control,Clear,Daylight,Dry,Non-Fatal Injury,Rear End,Passenger,30 to 34,Minimal,False,False,True,False,False,True,False,False,False,False,13486,div9,district1
2019,2019/08/13,1748,QUEEN ST E,Minor Arterial,43.674201,-79.28017,Intersection,At Intersection,No Control,Clear,Daylight,Dry,Non-Fatal Injury,Cyclist Collisions,Driver,80 to 84,Minimal,False,True,True,False,False,True,False,False,False,False,15449,div9,district1
2019,2019/08/13,1748,QUEEN ST E,Minor Arterial,43.674201,-79.28017,Intersection,At Intersection,No Control,Clear,Daylight,Dry,Non-Fatal Injury,Cyclist Collisions,Cyclist,45 to 49,Major,False,True,True,False,False,True,False,False,False,False,15468,div9,district1
2019,2019/08/13,1748,QUEEN ST E,Minor Arterial,43.674201,-79.28017,Intersection,At Intersection,No Control,Clear,Daylight,Dry,Non-Fatal Injury,Cyclist Collisions,Passenger,80 to 84,None,False,True,True,False,False,True,False,False,False,False,15478,div9,district1
2019,2019/08/13,1748,QUEEN ST E,Minor Arterial,43.674201,-79.28017,Intersection,At Intersection,No Control,Clear,Daylight,Dry,Non-Fatal Injury,Cyclist Collisions,Passenger,65 to 69,None,False,True,True,False,False,True,False,False,False,False,15489,div9,district1
2019,2019/08/13,1748,QUEEN ST E,Minor Arterial,43.674201,-79.28017,Intersection,At Intersection,No Control,Clear,Daylight,Dry,Non-Fatal Injury,Cyclist Collisions,Passenger,60 to 64,None,False,True,True,False,False,True,False,False,False,False,15499,div9,district1
2019,2019/10/11,1100,NORTHVIEW AVE,Local,43.683306,-79.283298,Mid-Block,At/Near Private Drive,No Control,Clear,Daylight,Dry,Non-Fatal Injury,Pedestrian Collisions,Driver,20 to 24,None,True,False,True,False,False,False,False,False,False,False,16246,div9,district1