YEAR,DATE,TIME,STREET1,ROAD_CLASS,LATITUDE,LONGITUDE,LOCCOORD,ACCLOC,TRAFFCTL,VISIBILITY,LIGHT,RDSFCOND,ACCLASS,IMPACTYPE,INVTYPE,INVAGE,INJURY,PEDESTRIAN,CYCLIST,AUTOMOBILE,MOTORCYCLE,TRUCK,PASSENGER,SPEEDING,REDLIGHT,ALCOHOL,DISABILITY,Record_ID,division_id,district_id
2019,2019/10/11,1100,NORTHVIEW AVE,Local,43.683306,-79.283298,Mid-Block,At/Near Private Drive,No Control,Clear,Daylight,Dry,Non-Fatal Injury,Pedestrian Collisions,Pedestrian,10 to 14,Major,True,False,True,False,False,False,False,False,False,False,16251,div9,district1
2019,2019/12/23,657,OLD WESTON RD,Minor Arterial,43.678321,-79.464778,Intersection,At Intersection,Traffic Signal,Clear,Dawn,Wet,Non-Fatal Injury,Pedestrian Collisions,Driver,55 to 59,None,True,False,True,False,False,False,False,False,False,False,16123,div10,district1
2019,2019/12/23,657,OLD WESTON RD,Minor Arterial,43.678321,-79.464778,Intersection,At Intersection,Traffic Signal,Clear,Dawn,Wet,Non-Fatal Injury,Pedestrian Collisions,Pedestrian,25 to 29,Major,True,False,True,False,False,False,False,False,False,False,16125,div10,district1
2022,2022/08/03,25,JANE ST,Major Arterial,43.675166,-79.495258,Mid-Block,Non Intersection,No Control,Clear,"Dark, artificial",Dry,Non-Fatal Injury,Pedestrian Collisions,Driver,55 to 59,None,True,False,True,False,False,False,False,False,False,False,17050,div10,district1
2022,2022/08/03,25,JANE ST,Major Arterial,43.675166,-79.495258,Mid-Block,Non Intersection,No Control,Clear,"Dark, artificial",Dry,Non-Fatal Injury,Pedestrian Collisions,Pedestrian,20 to 24,Major,True,False,True,False,False,False,False,False,False,False,17051,div10,district1
2022,2022/11/17,1640,519 OLD WESTON RD,Minor Arterial,43.67723,-79.464153,Mid-Block,Non Intersection,No Control,Clear,Daylight,Dry,Non-Fatal Injury,Approaching,Driver,40 to 44,Major,False,False,True,False,False,True,False,False,False,True,18112,div10,district1
2022,2022/11/17,1640,519 OLD WESTON RD,Minor Arterial,43.67723,-79.464153,Mid-Block,Non Intersection,No Control,Clear,Daylight,Dry,Non-Fatal Injury,Approaching,Driver,65 to 69,None,False,False,True,False,False,True,False,False,False,True,18113,div10,district1
2022,2022/11/17,1640,519 OLD WESTON RD,Minor Arterial,43.67723,-79.464153,Mid-Block,Non Intersection,No Control,Clear,Daylight,Dry,Non-Fatal Injury,Approaching,Driver,40 to 44,None,False,False,True,False,False,True,False,False,False,True,18114,div10,district1
2022,2022/11/17,1640,519 OLD WESTON RD,Minor Arterial,43.67723,-79.464153,Mid-Block,Non Intersection,No Control,Clear,Daylight,Dry,Non-Fatal Injury,Approaching,Passenger,10 to 14,None,False,False,True,False,False,True,False,False,False,True,18115,div10,district1
2017,2017/10/01,1615,DAVENPORT RD,Minor Arterial,43.674288,-79.434612,Intersection,At Intersection,No Control,Clear,Daylight,Dry,Non-Fatal Injury,Cyclist Collisions,Driver,40 to 44,None,False,True,True,False,False,False,False,False,False,False,13091,div11,district1
2017,2017/10/01,1615,DAVENPORT RD,Minor Arterial,43.674288,-79.434612,Intersection,At Intersection,No Control,Clear,Daylight,Dry,Non-Fatal Injury,Cyclist Collisions,Cyclist,45 to 49,Major,False,True,True,False,False,False,False,False,False,False,13092,div11,district1
2017,2017/05/29,1343,OAKWOOD AVE,Minor Arterial,43.692584,-79.440807,Intersection,At Intersection,Traffic Signal,Clear,Daylight,Dry,Non-Fatal Injury,Turning Movement,Driver,60 to 64,None,False,False,True,True,False,False,False,False,False,False,13108,div11,district1
2017,2017/02/24,1818,OAKWOOD AVE,Minor Arterial,43.693427,-79.441173,Intersection,At Intersection,No Control,Clear,"Dark, artificial",Dry,Non-Fatal Injury,Pedestrian Collisions,Driver,70 to 74,None,True,False,True,False,False,False,False,False,False,False,13159,div11,district1
2017,2017/02/24,1818,OAKWOOD AVE,Minor Arterial,43.693427,-79.441173,Intersection,At Intersection,No Control,Clear,"Dark, artificial",Dry,Non-Fatal Injury,Pedestrian Collisions,Pedestrian,25 to 29,Major,True,False,True,False,False,False,False,False,False,False,13160,div11,district1
2017,2017/05/29,1343,OAKWOOD AVE,Minor Arterial,43.692584,-79.440807,Intersection,At Intersection,Traffic Signal,Clear,Daylight,Dry,Non-Fatal Injury,Turning Movement,Motorcycle Driver,35 to 39,Major,False,False,True,True,False,False,False,False,False,False,13213,div11,district1
2017,2017/05/05,1616,WYCHCREST AVE,Collector,43.672232,-79.427295,Intersection,At Intersection,Stop Sign,Rain,Daylight,Wet,Non-Fatal Injury,SMV Other,Driver,75 to 79,Major,False,False,True,False,False,False,False,False,False,False,13240,div11,district1
2017,2017/08/06,1255,DUFFERIN ST,Major Arterial,43.670371,-79.439845,Intersection,Intersection Related,No Control,Clear,Daylight,Dry,Non-Fatal Injury,Turning Movement,Driver,55 to 59,None,False,False,True,True,False,False,False,False,False,False,13338,div11,district1
2017,2017/08/06,1255,DUFFERIN ST,Major Arterial,43.670371,-79.439845,Intersection,Intersection Related,No Control,Clear,Daylight,Dry,Non-Fatal Injury,Turning Movement,Motorcycle Driver,40 to 44,Major,False,False,True,True,False,False,False,False,False,False,13341,div11,district1
2017,2017/06/03,2330,ST CLAIR AVE W,Major Arterial,43.67528,-79.45473,Intersection,Intersection Related,Traffic Signal,Clear,"Dark, artificial",Dry,Non-Fatal Injury,Cyclist Collisions,Driver,unknown,None,False,True,True,False,False,False,False,False,False,False,13406,div11,district1
2017,2017/06/03,2330,ST CLAIR AVE W,Major Arterial,43.67528,-79.45473,Intersection,Intersection Related,Traffic Signal,Clear,"Dark, artificial",Dry,Non-Fatal Injury,Cyclist Collisions,Cyclist,40 to 44,Major,False,True,True,False,False,False,False,False,False,False,13418,div11,district1
2017,2017/05/13,2246,BATHURST ST,Major Arterial,43.696036,-79.423534,Intersection,At Intersection,No Control,Clear,"Dark, artificial",Dry,Non-Fatal Injury,Pedestrian Collisions,Driver,60 to 64,None,True,False,True,False,False,False,False,False,False,False,13606,div11,district1
2017,2017/05/13,2246,BATHURST ST,Major Arterial,43.696036,-79.423534,Intersection,At Intersection,No Control,Clear,"Dark, artificial",Dry,Non-Fatal Injury,Pedestrian Collisions,Pedestrian,55 to 59,Major,True,False,True,False,False,False,False,False,False,False,13614,div11,district1
2017,2017/01/08,1311,BATHURST ST,Major Arterial,43.679816,-79.416942,Intersection,At Intersection,Traffic Signal,Clear,Daylight,Dry,Non-Fatal Injury,Pedestrian Collisions,Driver,55 to 59,None,True,False,True,False,False,False,False,False,False,False,13635,div11,district1
2017,2017/01/08,1311,BATHURST ST,Major Arterial,43.679816,-79.416942,Intersection,At Intersection,Traffic Signal,Clear,Daylight,Dry,Non-Fatal Injury,Pedestrian Collisions,Pedestrian,65 to 69,Major,True,False,True,False,False,False,False,False,False,False,13643,div11,district1
2017,2017/01/08,1311,BATHURST ST,Major Arterial,43.679816,-79.416942,Intersection,At Intersection,Traffic Signal,Clear,Daylight,Dry,Non-Fatal Injury,Pedestrian Collisions,Pedestrian,55 to 59,Major,True,False,True,False,False,False,False,False,False,False,13653,div11,district1
2017,2017/06/16,1513,DUFFERIN ST,Major Arterial,43.693637,-79.449458,Mid-Block,Non Intersection,No Control,Clear,Daylight,Dry,Non-Fatal Injury,Rear End,Driver,55 to 59,None,False,False,True,False,False,True,False,False,False,False,13786,div11,district1
2017,2017/06/16,1513,DUFFERIN ST,Major Arterial,43.693637,-79.449458,Mid-Block,Non Intersection,No Control,Clear,Daylight,Dry,Non-Fatal Injury,Rear End,Driver,40 to 44,Major,False,False,True,False,False,True,False,False,False,False,13790,div11,district1
2017,2017/06/16,1513,DUFFERIN ST,Major Arterial,43.693637,-79.449458,Mid-Block,Non Intersection,No Control,Clear,Daylight,Dry,Non-Fatal Injury,Rear End,Passenger,15 to 19,Minor,False,False,True,False,False,True,False,False,False,False,13797,div11,district1
2017,2017/04/29,325,DAVENPORT ROAD,Major Arterial,43.676657,-79.415744,Intersection,Intersection Related,Traffic Signal,Clear,"Dark, artificial",Dry,Non-Fatal Injury,Pedestrian Collisions,Driver,70 to 74,None,True,False,True,False,False,False,False,False,False,False,13958,div11,district1
2017,2017/04/29,325,DAVENPORT ROAD,Major Arterial,43.676657,-79.415744,Intersection,Intersection Related,Traffic Signal,Clear,"Dark, artificial",Dry,Non-Fatal Injury,Pedestrian Collisions,Pedestrian,30 to 34,Major,True,False,True,False,False,False,False,False,False,False,13970,div11,district1
2018,2018/08/12,26,DUFFERIN ST,Major Arterial,43.689715,-79.447826,Mid-Block,Non Intersection,No Control,Clear,"Dark, artificial",Dry,Non-Fatal Injury,Approaching,Motorcycle Driver,30 to 34,Major,False,False,True,True,False,True,True,False,False,False,14006,div11,district1
2018,2018/08/12,26,DUFFERIN ST,Major Arterial,43.689715,-79.447826,Mid-Block,Non Intersection,No Control,Clear,"Dark, artificial",Dry,Non-Fatal Injury,Approaching,Driver,30 to 34,Minor,False,False,True,True,False,True,True,False,False,False,14007,div11,district1
2018,2018/08/12,26,DUFFERIN ST,Major Arterial,43.689715,-79.447826,Mid-Block,Non Intersection,No Control,Clear,"Dark, artificial",Dry,Non-Fatal Injury,Approaching,Motorcycle Passenger,25 to 29,Major,False,False,True,True,False,True,True,False,False,False,14008,div11,district1
2018,2018/08/23,909,WARWICK AVE,Local,43.695166,-79.425861,Mid-Block,Non Intersection,No Control,Clear,Daylight,Dry,Non-Fatal Injury,Rear End,Driver,unknown,None,False,False,True,True,False,False,False,False,False,False,14050,div11,district1
2018,2018/08/23,909,WARWICK AVE,Local,43.695166,-79.425861,Mid-Block,Non Intersection,No Control,Clear,Daylight,Dry,Non-Fatal Injury,Rear End,Motorcycle Driver,40 to 44,Major,False,False,True,True,False,False,False,False,False,False,14051,div11,district1
2018,2018/07/26,1515,OSSINGTON  AVE,Minor Arterial,43.671363,-79.429553,Intersection,At Intersection,No Control,Rain,"Daylight, artificial",Wet,Non-Fatal Injury,Cyclist Collisions,Driver,45 to 49,None,False,True,True,False,False,False,False,False,False,False,14603,div11,district1
2018,2018/07/26,1515,OSSINGTON  AVE,Minor Arterial,43.671363,-79.429553,Intersection,At Intersection,No Control,Rain,"Daylight, artificial",Wet,Non-Fatal Injury,Cyclist Collisions,Cyclist,40 to 44,Major,False,True,True,False,False,False,False,False,False,False,14609,div11,district1
2018,2018/09/15,940,555 ST CLAIR AVE W,Major Arterial,43.682524,-79.421001,Mid-Block,Non Intersection,No Control,Rain,Daylight,Wet,Non-Fatal Injury,Pedestrian Collisions,Driver,75 to 79,None,True,False,True,False,False,False,False,False,False,False,14693,div11,district1
2018,2018/09/15,940,555 ST CLAIR AVE W,Major Arterial,43.682524,-79.421001,Mid-Block,Non Intersection,No Control,Rain,Daylight,Wet,Non-Fatal Injury,Pedestrian Collisions,Pedestrian,75 to 79,Major,True,False,True,False,False,False,False,False,False,False,14700,div11,district1
2018,2018/05/27,1010,BENSON AVE,Minor Arterial,43.680037,-79.425021,Intersection,Intersection Related,No Control,Clear,Daylight,Dry,Non-Fatal Injury,Pedestrian Collisions,Driver,55 to 59,None,True,False,True,False,False,False,False,False,False,False,14803,div11,district1
2018,2018/05/27,1010,BENSON AVE,Minor Arterial,43.680037,-79.425021,Intersection,Intersection Related,No Control,Clear,Daylight,Dry,Non-Fatal Injury,Pedestrian Collisions,Pedestrian,85 to 89,Major,True,False,True,False,False,False,False,False,False,False,14811,div11,district1
2018,2018/03/05,1505,BATHURST ST,Major Arterial,43.698359,-79.424472,Mid-Block,Non Intersection,No Control,Clear,Daylight,Dry,Non-Fatal Injury,Rear End,Driver,70 to 74,Minimal,False,False,True,False,False,True,False,False,False,False,14967,div11,district1
2018,2018/03/05,1505,BATHURST ST,Major Arterial,43.698359,-79.424472,Mid-Block,Non Intersection,No Control,Clear,Daylight,Dry,Non-Fatal Injury,Rear End,Driver,25 to 29,None,False,False,True,False,False,True,False,False,False,False,14971,div11,district1
2018,2018/03/05,1505,BATHURST ST,Major Arterial,43.698359,-79.424472,Mid-Block,Non Intersection,No Control,Clear,Daylight,Dry,Non-Fatal Injury,Rear End,Driver,45 to 49,None,False,False,True,False,False,True,False,False,False,False,14973,div11,district1
2018,2018/03/05,1505,BATHURST ST,Major Arterial,43.698359,-79.424472,Mid-Block,Non Intersection,No Control,Clear,Daylight,Dry,Non-Fatal Injury,Rear End,Passenger,20 to 24,None,False,False,True,False,False,True,False,False,False,False,14976,div11,district1
2018,2018/03/05,1505,BATHURST ST,Major Arterial,43.698359,-79.424472,Mid-Block,Non Intersection,No Control,Clear,Daylight,Dry,Non-Fatal Injury,Rear End,Passenger,50 to 54,Major,False,False,True,False,False,True,False,False,False,False,14979,div11,district1
2018,2018/03/05,1505,BATHURST ST,Major Arterial,43.698359,-79.424472,Mid-Block,Non Intersection,No Control,Clear,Daylight,Dry,Non-Fatal Injury,Rear End,Passenger,10 to 14,None,False,False,True,False,False,True,False,False,False,False,14984,div11,district1
2018,2018/09/26,900,MELITA AVE,Minor Arterial,43.674388,-79.42258,Intersection,At Intersection,No Control,Clear,Daylight,Dry,Non-Fatal Injury,Cyclist Collisions,Driver,35 to 39,None,False,True,True,False,False,False,False,False,False,False,14985,div11,district1
2018,2018/03/05,1505,BATHURST ST,Major Arterial,43.698359,-79.424472,Mid-Block,Non Intersection,No Control,Clear,Daylight,Dry,Non-Fatal Injury,Rear End,Passenger,15 to 19,None,False,False,True,False,False,True,False,False,False,False,14987,div11,district1
2018,2018/09/26,900,MELITA AVE,Minor Arterial,43.674388,-79.42258,Intersection,At Intersection,No Control,Clear,Daylight,Dry,Non-Fatal Injury,Cyclist Collisions,Cyclist,20 to 24,Major,False,True,True,False,False,False,False,False,False,False,14988,div11,district1
2019,2019/09/09,2043,EGLINTON AVE W,Major Arterial,43.700457,-79.427722,Intersection,At Intersection,Stop Sign,Clear,Dark,Dry,Non-Fatal Injury,Turning Movement,Driver,45 to 49,None,False,False,True,False,False,False,False,False,False,False,15039,div11,district1
2019,2019/09/09,2043,EGLINTON AVE W,Major Arterial,43.700457,-79.427722,Intersection,At Intersection,Stop Sign,Clear,Dark,Dry,Non-Fatal Injury,Turning Movement,Driver,35 to 39,Major,False,False,True,False,False,False,False,False,False,False,15040,div11,district1
2019,2019/07/03,735,DAVENPORT RD,Minor Arterial,43.67525,-79.424037,Intersection,At Intersection,No Control,Clear,"Daylight, artificial",Dry,Non-Fatal Injury,Cyclist Collisions,Cyclist,45 to 49,Major,False,True,True,False,False,False,False,False,False,False,15051,div11,district1
2019,2019/10/10,1429,CHRISTIE ST,Minor Arterial,43.678145,-79.424236,Intersection,At Intersection,Stop Sign,Clear,Daylight,Dry,Non-Fatal Injury,Cyclist Collisions,Cyclist,30 to 34,Major,False,True,True,False,False,False,False,False,False,False,15107,div11,district1
2019,2019/10/10,1429,CHRISTIE ST,Minor Arterial,43.678145,-79.424236,Intersection,At Intersection,Stop Sign,Clear,Daylight,Dry,Non-Fatal Injury,Cyclist Collisions,Driver,45 to 49,None,False,True,True,False,False,False,False,False,False,False,15108,div11,district1
2019,2019/01/16,1332,2350 DUFFERIN ST,Major Arterial,43.69525,-79.450084,Mid-Block,Non Intersection,No Control,Clear,Daylight,Dry,Fatal,Pedestrian Collisions,Pedestrian,75 to 79,Fatal,True,False,False,False,True,False,False,False,False,False,15280,div11,district1
2019,2019/01/16,1332,2350 DUFFERIN ST,Major Arterial,43.69525,-79.450084,Mid-Block,Non Intersection,No Control,Clear,Daylight,Dry,Fatal,Pedestrian Collisions,Driver,25 to 29,None,True,False,False,False,True,False,False,False,False,False,15295,div11,district1
2019,2019/08/23,752,DAVENPORT RD,Minor Arterial,43.676657,-79.415744,Intersection,At Intersection,Traffic Signal,Clear,Daylight,Dry,Non-Fatal Injury,Rear End,Truck Driver,35 to 39,None,False,False,False,False,True,True,False,False,False,False,15824,div11,district1
2019,2019/08/23,752,DAVENPORT RD,Minor Arterial,43.676657,-79.415744,Intersection,At Intersection,Traffic Signal,Clear,Daylight,Dry,Non-Fatal Injury,Rear End,Driver,25 to 29,Minimal,False,False,False,False,True,True,False,False,False,False,15833,div11,district1
2019,2019/08/23,752,DAVENPORT RD,Minor Arterial,43.676657,-79.415744,Intersection,At Intersection,Traffic Signal,Clear,Daylight,Dry,Non-Fatal Injury,Rear End,Passenger,25 to 29,None,False,False,False,False,True,True,False,False,False,False,15846,div11,district1
2019,2019/08/23,752,DAVENPORT RD,Minor Arterial,43.676657,-79.415744,Intersection,At Intersection,Traffic Signal,Clear,Daylight,Dry,Non-Fatal Injury,Rear End,Passenger,40 to 44,Major,False,False,False,False,True,True,False,False,False,False,15858,div11,district1
2019,2019/08/23,752,DAVENPORT RD,Minor Arterial,43.676657,-79.415744,Intersection,At Intersection,Traffic Signal,Clear,Daylight,Dry,Non-Fatal Injury,Rear End,Passenger,60 to 64,Minimal,False,False,False,False,True,True,False,False,False,False,15864,div11,district1
2019,2019/07/03,735,DAVENPORT RD,Minor Arterial,43.67525,-79.424037,Intersection,At Intersection,No Control,Clear,"Daylight, artificial",Dry,Non-Fatal Injury,Cyclist Collisions,Driver,40 to 44,None,False,True,True,False,False,False,False,False,False,False,15980,div11,district1
2020,2020/02/01,406,ST CLAIR AVE W,Major Arterial,43.680579,-79.430698,Intersection,At Intersection,No Control,Clear,"Dark, artificial",Wet,Non-Fatal Injury,Rear End,Driver,20 to 24,Minimal,False,False,True,False,False,True,True,False,True,False,16126,div11,district1
2020,2020/02/01,406,ST CLAIR AVE W,Major Arterial,43.680579,-79.430698,Intersection,At Intersection,No Control,Clear,"Dark, artificial",Wet,Non-Fatal Injury,Rear End,Driver,35 to 39,Major,False,False,True,False,False,True,True,False,True,False,16136,div11,district1
2020,2020/02/01,406,ST CLAIR AVE W,Major Arterial,43.680579,-79.430698,Intersection,At Intersection,No Control,Clear,"Dark, artificial",Wet,Non-Fatal Injury,Rear End,Passenger,20 to 24,None,False,False,True,False,False,True,True,False,True,False,16144,div11,district1
2020,2020/03/10,632,ST CLAIR AVE W,Major Arterial,43.681639,-79.425678,Intersection,At Intersection,Traffic Signal,Rain,"Dark, artificial",Wet,Non-Fatal Injury,Pedestrian Collisions,Driver,40 to 44,None,True,False,True,False,False,False,False,False,False,False,16218,div11,district1
2020,2020/03/10,632,ST CLAIR AVE W,Major Arterial,43.681639,-79.425678,Intersection,At Intersection,Traffic Signal,Rain,"Dark, artificial",Wet,Non-Fatal Injury,Pedestrian Collisions,Pedestrian,20 to 24,Major,True,False,True,False,False,False,False,False,False,False,16219,div11,district1
2019,2019/11/03,618,DUFFERIN ST,Major Arterial,43.689547,-79.447711,Mid-Block,Non Intersection,No Control,Clear,Daylight,Dry,Non-Fatal Injury,SMV Unattended Vehicle,Other,unknown,None,False,False,True,False,False,False,False,False,False,False,16851,div11,district1
2019,2019/11/03,618,DUFFERIN ST,Major Arterial,43.689547,-79.447711,Mid-Block,Non Intersection,No Control,Clear,Daylight,Dry,Non-Fatal Injury,SMV Unattended Vehicle,Driver,70 to 74,Major,False,False,True,False,False,False,False,False,False,False,16857,div11,district1
2022,2022/07/22,1815,ST CLAIR AVE W,Major Arterial,43.675387,-79.454189,Mid-Block,Non Intersection,No Control,Clear,Daylight,Dry,Non-Fatal Injury,Pedestrian Collisions,Driver,55 to 59,None,True,False,False,False,False,False,False,False,False,False,17006,div11,district1
2022,2022/07/22,1815,ST CLAIR AVE W,Major Arterial,43.675387,-79.454189,Mid-Block,Non Intersection,No Control,Clear,Daylight,Dry,Non-Fatal Injury,Pedestrian Collisions,Pedestrian,45 to 49,Major,True,False,False,False,False,False,False,False,False,False,17007,div11,district1
2021,2021/08/07,2205,ST CLAIR AV W,Major Arterial,43.675517,-79.453922,Mid-Block,Non Intersection,Traffic Signal,Clear,"Dark, artificial",Dry,Non-Fatal Injury,SMV Other,Driver,40 to 44,Major,False,False,True,False,False,False,False,False,False,False,17249,div11,district1
2021,2021/08/10,1525,ST CLAIR AV W,Major Arterial,43.677523,-79.444614,Intersection,Intersection Related,Traffic Signal,Clear,Daylight,Dry,Non-Fatal Injury,SMV Other,Driver,45 to 49,None,True,False,False,False,False,False,False,False,False,False,17252,div11,district1
2021,2021/08/10,1525,ST CLAIR AV W,Major Arterial,43.677523,-79.444614,Intersection,Intersection Related,Traffic Signal,Clear,Daylight,Dry,Non-Fatal Injury,SMV Other,Pedestrian,55 to 59,Major,True,False,False,False,False,False,False,False,False,False,17253,div11,district1
2022,2022/01/14,1441,DAVENPORT RD,Minor Arterial,43.671485,-79.448261,Intersection,At Intersection,Traffic Signal,Clear,Daylight,Dry,Non-Fatal Injury,Pedestrian Collisions,Driver,55 to 59,None,True,False,True,False,False,False,False,False,False,False,17368,div11,district1
2022,2022/01/14,1441,DAVENPORT RD,Minor Arterial,43.671485,-79.448261,Intersection,At Intersection,Traffic Signal,Clear,Daylight,Dry,Non-Fatal Injury,Pedestrian Collisions,Pedestrian,75 to 79,Major,True,False,True,False,False,False,False,False,False,False,17383,div11,district1
2022,2022/05/13,2210,SALINAS CRT,Local,43.70048,-79.449024,Intersection,Intersection Related,No Control,Clear,"Dark, artificial",Dry,Fatal,SMV Other,Moped Driver,35 to 39,Fatal,False,True,False,True,False,False,False,False,False,False,17686,div11,district1
2021,2021/05/24,1415,DUFFERIN  ST,Major Arterial,43.67789,-79.443042,Intersection,At Intersection,Traffic Signal,Clear,Daylight,Dry,Non-Fatal Injury,Pedestrian Collisions,Driver,50 to 54,None,True,False,True,False,False,False,True,False,False,False,17970,div11,district1
2021,2021/05/24,1415,DUFFERIN  ST,Major Arterial,43.67789,-79.443042,Intersection,At Intersection,Traffic Signal,Clear,Daylight,Dry,Non-Fatal Injury,Pedestrian Collisions,Pedestrian,15 to 19,Major,True,False,True,False,False,False,True,False,False,False,17974,div11,district1
2021,2021/10/27,812,DUNCANWOODS DR,Collector,43.753607,-79.565265,Intersection,Intersection Related,No Control,Clear,"Daylight, artificial",Dry,Non-Fatal Injury,SMV Other,Driver,20 to 24,None,True,False,True,False,False,False,False,False,False,False,17214,div12,district1
2021,2021/10/27,812,DUNCANWOODS DR,Collector,43.753607,-79.565265,Intersection,Intersection Related,No Control,Clear,"Daylight, artificial",Dry,Non-Fatal Injury,SMV Other,Pedestrian,40 to 44,Major,True,False,True,False,False,False,False,False,False,False,17215,div12,district1
2021,2021/10/27,812,DUNCANWOODS DR,Collector,43.753607,-79.565265,Intersection,Intersection Related,No Control,Clear,"Daylight, artificial",Dry,Non-Fatal Injury,SMV Other,Pedestrian,5 to 9,Minor,True,False,True,False,False,False,False,False,False,False,17216,div12,district1
2021,2021/10/11,1358,VALLEY WOODS RD,Collector,43.757868,-79.333652,Mid-Block,Non Intersection,No Control,Clear,Daylight,Dry,Non-Fatal Injury,SMV Other,Motorcycle Driver,35 to 39,Major,False,False,False,True,False,False,True,False,False,False,17166,div15,district1
2021,2021/07/14,1440,DON MILLS RD,Major Arterial,43.730017,-79.341525,Mid-Block,Non Intersection,No Control,Clear,Daylight,Dry,Non-Fatal Injury,Pedestrian Collisions,Driver,70 to 74,None,True,False,True,False,False,False,False,False,False,False,17795,div15,district1
2021,2021/07/14,1440,DON MILLS RD,Major Arterial,43.730017,-79.341525,Mid-Block,Non Intersection,No Control,Clear,Daylight,Dry,Non-Fatal Injury,Pedestrian Collisions,Pedestrian,15 to 19,Major,True,False,True,False,False,False,False,False,False,False,17804,div15,district1
2017,2017/03/07,1538,BLOOR ST W,Major Arterial,43.652056,-79.471744,Intersection,Intersection Related,No Control,Clear,Daylight,Dry,Fatal,Approaching,Driver,30 to 34,None,False,False,True,False,False,True,True,False,False,False,13176,div16,district1
2017,2017/03/07,1538,BLOOR ST W,Major Arterial,43.652056,-79.471744,Intersection,Intersection Related,No Control,Clear,Daylight,Dry,Fatal,Approaching,Driver,80 to 84,None,False,False,True,False,False,True,True,False,False,False,13177,div16,district1
2017,2017/03/07,1538,BLOOR ST W,Major Arterial,43.652056,-79.471744,Intersection,Intersection Related,No Control,Clear,Daylight,Dry,Fatal,Approaching,Passenger,35 to 39,Fatal,False,False,True,False,False,True,True,False,False,False,13178,div16,district1
2017,2017/03/07,1538,BLOOR ST W,Major Arterial,43.652056,-79.471744,Intersection,Intersection Related,No Control,Clear,Daylight,Dry,Fatal,Approaching,Driver,20 to 24,None,False,False,True,False,False,True,True,False,False,False,13179,div16,district1
2017,2017/03/07,1538,BLOOR ST W,Major Arterial,43.652056,-79.471744,Intersection,Intersection Related,No Control,Clear,Daylight,Dry,Fatal,Approaching,Passenger,35 to 39,None,False,False,True,False,False,True,True,False,False,False,13180,div16,district1
2017,2017/08/06,1125,KEELE ST,Major Arterial,43.663581,-79.463763,Intersection,Intersection Related,Traffic Signal,Clear,Daylight,Dry,Non-Fatal Injury,Pedestrian Collisions,Driver,50 to 54,None,True,False,True,False,False,True,False,True,False,False,13289,div16,district1
2017,2017/08/06,1125,KEELE ST,Major Arterial,43.663581,-79.463763,Intersection,Intersection Related,Traffic Signal,Clear,Daylight,Dry,Non-Fatal Injury,Pedestrian Collisions,Driver,50 to 54,Minor,True,False,True,False,False,True,False,True,False,False,13295,div16,district1
2017,2017/08/06,1125,KEELE ST,Major Arterial,43.663581,-79.463763,Intersection,Intersection Related,Traffic Signal,Clear,Daylight,Dry,Non-Fatal Injury,Pedestrian Collisions,Passenger,50 to 54,None,True,False,True,False,False,True,False,True,False,False,13305,div16,district1
2017,2017/08/06,1125,KEELE ST,Major Arterial,43.663581,-79.463763,Intersection,Intersection Related,Traffic Signal,Clear,Daylight,Dry,Non-Fatal Injury,Pedestrian Collisions,Passenger,5 to 9,None,True,False,True,False,False,True,False,True,False,False,13308,div16,district1
2017,2017/08/06,1125,KEELE ST,Major Arterial,43.663581,-79.463763,Intersection,Intersection Related,Traffic Signal,Clear,Daylight,Dry,Non-Fatal Injury,Pedestrian Collisions,Passenger,10 to 14,None,True,False,True,False,False,True,False,True,False,False,13317,div16,district1
2017,2017/08/06,1125,KEELE ST,Major Arterial,43.663581,-79.463763,Intersection,Intersection Related,Traffic Signal,Clear,Daylight,Dry,Non-Fatal Injury,Pedestrian Collisions,Pedestrian,60 to 64,Major,True,False,True,False,False,True,False,True,False,False,13327,div16,district1
2017,2017/04/01,208,MARGUERETTA ST,Local,43.658438,-79.440212,Mid-Block,Non Intersection,No Control,Clear,"Dark, artificial",Wet,Non-Fatal Injury,Pedestrian Collisions,Driver,unknown,None,True,False,True,False,False,False,False,False,False,False,13410,div16,district1
2017,2017/04/01,208,MARGUERETTA ST,Local,43.658438,-79.440212,Mid-Block,Non Intersection,No Control,Clear,"Dark, artificial",Wet,Non-Fatal Injury,Pedestrian Collisions,Pedestrian,20 to 24,Major,True,False,True,False,False,False,False,False,False,False,13424,div16,district1
2017,2017/05/11,2100,LANSDOWNE AVE,Minor Arterial,43.650939,-79.43996,Intersection,At Intersection,Traffic Signal,Clear,"Dusk, artificial",Dry,Non-Fatal Injury,Pedestrian Collisions,Driver,unknown,None,True,False,True,False,False,False,False,False,False,False,13462,div16,district1
2017,2017/05/11,2100,LANSDOWNE AVE,Minor Arterial,43.650939,-79.43996,Intersection,At Intersection,Traffic Signal,Clear,"Dusk, artificial",Dry,Non-Fatal Injury,Pedestrian Collisions,Pedestrian,25 to 29,Major,True,False,True,False,False,False,False,False,False,False,13469,div16,district1