YEAR,DATE,TIME,STREET1,ROAD_CLASS,LATITUDE,LONGITUDE,LOCCOORD,ACCLOC,TRAFFCTL,VISIBILITY,LIGHT,RDSFCOND,ACCLASS,IMPACTYPE,INVTYPE,INVAGE,INJURY,PEDESTRIAN,CYCLIST,AUTOMOBILE,MOTORCYCLE,TRUCK,PASSENGER,SPEEDING,REDLIGHT,ALCOHOL,DISABILITY,Record_ID,division_id,district_id
2021,2021/10/13,1927,DON MILLS RD,Minor Arterial,43.73189,-79.342868,Mid-Block,Non Intersection,No Control,Clear,"Dark, artificial",Dry,Fatal,Pedestrian Collisions,Driver,35 to 39,None,True,False,True,False,False,True,False,False,False,False,17181,div15,district3
2021,2021/10/13,1927,DON MILLS RD,Minor Arterial,43.73189,-79.342868,Mid-Block,Non Intersection,No Control,Clear,"Dark, artificial",Dry,Fatal,Pedestrian Collisions,Passenger,5 to 9,None,True,False,True,False,False,True,False,False,False,False,17182,div15,district3
2021,2021/10/13,1927,DON MILLS RD,Minor Arterial,43.73189,-79.342868,Mid-Block,Non Intersection,No Control,Clear,"Dark, artificial",Dry,Fatal,Pedestrian Collisions,Passenger,5 to 9,None,True,False,True,False,False,True,False,False,False,False,17183,div15,district3
2022,2022/08/23,2252,SHEPPARD AVE E,Major Arterial,43.766516,-79.388011,Intersection,At Intersection,Traffic Signal,Clear,"Dark, artificial",Dry,Non-Fatal Injury,Turning Movement,Passenger,75 to 79,Minor,False,False,True,False,False,True,False,False,False,False,17218,div15,district3
2021,2021/08/24,844,5 FAIRVIEW MALL DR,Minor Arterial,43.779162,-79.34782,Mid-Block,Non Intersection,No Control,Clear,Daylight,Dry,Fatal,Pedestrian Collisions,Driver,40 to 44,None,True,False,True,False,False,False,False,False,False,False,17294,div15,district3
2021,2021/08/24,844,5 FAIRVIEW MALL DR,Minor Arterial,43.779162,-79.34782,Mid-Block,Non Intersection,No Control,Clear,Daylight,Dry,Fatal,Pedestrian Collisions,Pedestrian,85 to 89,Fatal,True,False,True,False,False,False,False,False,False,False,17295,div15,district3
2022,2022/04/09,2338,KNIGHTON DR,Local,43.737357,-79.31544,Intersection,At Intersection,Stop Sign,Clear,"Dark, artificial",Dry,Non-Fatal Injury,SMV Other,Motorcycle Driver,15 to 19,Major,False,False,False,True,False,False,False,False,False,False,17334,div15,district3
2022,2022/06/21,906,28 TREMONT CRES,Local,43.736521,-79.352756,Mid-Block,Non Intersection,No Control,Clear,Daylight,Dry,Fatal,Pedestrian Collisions,Pedestrian,85 to 89,Fatal,True,False,False,False,True,False,False,False,False,False,17437,div15,district3
2022,2022/06/21,906,28 TREMONT CRES,Local,43.736521,-79.352756,Mid-Block,Non Intersection,No Control,Clear,Daylight,Dry,Fatal,Pedestrian Collisions,Driver,35 to 39,Minimal,True,False,False,False,True,False,False,False,False,False,17438,div15,district3
2022,2022/04/26,1149,BLUFFWOOD DR,Major Arterial,43.807639,-79.376056,Intersection,At Intersection,Traffic Signal,Clear,Daylight,Dry,Fatal,Pedestrian Collisions,Pedestrian,Over 95,Fatal,True,False,True,False,False,False,False,False,False,False,17518,div15,district3
2022,2022/04/26,1149,BLUFFWOOD DR,Major Arterial,43.807639,-79.376056,Intersection,At Intersection,Traffic Signal,Clear,Daylight,Dry,Fatal,Pedestrian Collisions,Driver,60 to 64,None,True,False,True,False,False,False,False,False,False,False,17527,div15,district3
2022,2022/07/09,2233,DON VALLEY PARKWAY  S,Expressway,43.758597,-79.335994,Mid-Block,Non Intersection,No Control,Clear,"Dark, artificial",Dry,Non-Fatal Injury,Rear End,Driver,20 to 24,Major,False,False,True,True,False,True,True,False,False,False,17718,div15,district3
2022,2022/07/09,2233,DON VALLEY PARKWAY  S,Expressway,43.758597,-79.335994,Mid-Block,Non Intersection,No Control,Clear,"Dark, artificial",Dry,Non-Fatal Injury,Rear End,Driver,30 to 34,None,False,False,True,True,False,True,True,False,False,False,17725,div15,district3
2022,2022/07/09,2233,DON VALLEY PARKWAY  S,Expressway,43.758597,-79.335994,Mid-Block,Non Intersection,No Control,Clear,"Dark, artificial",Dry,Non-Fatal Injury,Rear End,Passenger,20 to 24,None,False,False,True,True,False,True,True,False,False,False,17728,div15,district3
2022,2022/07/09,2233,DON VALLEY PARKWAY  S,Expressway,43.758597,-79.335994,Mid-Block,Non Intersection,No Control,Clear,"Dark, artificial",Dry,Non-Fatal Injury,Rear End,Passenger,30 to 34,None,False,False,True,True,False,True,True,False,False,False,17735,div15,district3
2022,2022/07/09,2233,DON VALLEY PARKWAY  S,Expressway,43.758597,-79.335994,Mid-Block,Non Intersection,No Control,Clear,"Dark, artificial",Dry,Non-Fatal Injury,Rear End,Passenger,20 to 24,None,False,False,True,True,False,True,True,False,False,False,17741,div15,district3
2021,2021/05/17,2350,BAYVIEW AVE,Major Arterial,43.784564,-79.392055,Mid-Block,Non Intersection,No Control,Clear,"Dark, artificial",Dry,Non-Fatal Injury,Approaching,Driver,40 to 44,Major,False,False,True,False,False,False,False,False,False,False,17823,div15,district3
2021,2021/05/17,2350,BAYVIEW AVE,Major Arterial,43.784564,-79.392055,Mid-Block,Non Intersection,No Control,Clear,"Dark, artificial",Dry,Non-Fatal Injury,Approaching,Driver,40 to 44,None,False,False,True,False,False,False,False,False,False,False,17830,div15,district3
2022,2022/09/24,1910,FINCH AVE E,Major Arterial,43.79402,-79.348445,Mid-Block,Non Intersection,No Control,Clear,Dusk,Dry,Non-Fatal Injury,Turning Movement,Motorcycle Driver,20 to 24,Major,False,False,True,True,False,True,False,False,False,False,17836,div15,district3
2022,2022/09/24,1910,FINCH AVE E,Major Arterial,43.79402,-79.348445,Mid-Block,Non Intersection,No Control,Clear,Dusk,Dry,Non-Fatal Injury,Turning Movement,Driver,25 to 29,None,False,False,True,True,False,True,False,False,False,False,17840,div15,district3
2022,2022/09/24,1910,FINCH AVE E,Major Arterial,43.79402,-79.348445,Mid-Block,Non Intersection,No Control,Clear,Dusk,Dry,Non-Fatal Injury,Turning Movement,Passenger,25 to 29,None,False,False,True,True,False,True,False,False,False,False,17848,div15,district3
2022,2022/05/28,2015,DON VALLEY PARKWAY  S,Expressway,43.739955,-79.332233,Mid-Block,Non Intersection,No Control,Clear,Daylight,Dry,Non-Fatal Injury,Rear End,Motorcycle Driver,40 to 44,Major,False,False,True,True,False,False,False,False,False,False,17850,div15,district3
2022,2022/05/28,2015,DON VALLEY PARKWAY  S,Expressway,43.739955,-79.332233,Mid-Block,Non Intersection,No Control,Clear,Daylight,Dry,Non-Fatal Injury,Rear End,Driver,15 to 19,None,False,False,True,True,False,False,False,False,False,False,17858,div15,district3
2022,2022/05/30,2012,THE DONWAY E,Minor Arterial,43.732337,-79.341464,Intersection,Intersection Related,No Control,Clear,"Dusk, artificial",Dry,Non-Fatal Injury,Pedestrian Collisions,Driver,30 to 34,None,True,False,True,False,False,False,False,False,False,False,17887,div15,district3
2022,2022/05/30,2012,THE DONWAY E,Minor Arterial,43.732337,-79.341464,Intersection,Intersection Related,No Control,Clear,"Dusk, artificial",Dry,Non-Fatal Injury,Pedestrian Collisions,Pedestrian,20 to 24,Major,True,False,True,False,False,False,False,False,False,False,17894,div15,district3
2022,2022/11/03,1500,LESLIE ST,Major Arterial,43.791484,-79.36835,Intersection,At Intersection,Stop Sign,"Fog, Mist, Smoke, Dust",Daylight,Dry,Non-Fatal Injury,Pedestrian Collisions,Driver,55 to 59,None,True,False,True,False,False,False,False,False,False,False,18089,div15,district3
2022,2022/11/03,1500,LESLIE ST,Major Arterial,43.791484,-79.36835,Intersection,At Intersection,Stop Sign,"Fog, Mist, Smoke, Dust",Daylight,Dry,Non-Fatal Injury,Pedestrian Collisions,Pedestrian,25 to 29,Major,True,False,True,False,False,False,False,False,False,False,18090,div15,district3
2022,2022/11/09,1422,BAYVIEW AVE,Major Arterial,43.788016,-79.392719,Intersection,At Intersection,Traffic Signal,Clear,Daylight,Dry,Non-Fatal Injury,Pedestrian Collisions,Driver,85 to 89,None,True,False,True,False,False,False,False,False,False,False,18097,div15,district3
2022,2022/11/09,1422,BAYVIEW AVE,Major Arterial,43.788016,-79.392719,Intersection,At Intersection,Traffic Signal,Clear,Daylight,Dry,Non-Fatal Injury,Pedestrian Collisions,Pedestrian,80 to 84,Major,True,False,True,False,False,False,False,False,False,False,18098,div15,district3
2022,2022/12/05,2018,LAWRENCE AV E,Major Arterial,43.741168,-79.317989,Mid-Block,Non Intersection,No Control,Clear,"Dark, artificial",Dry,Non-Fatal Injury,Pedestrian Collisions,Driver,55 to 59,None,True,False,True,False,False,False,False,False,False,False,18158,div15,district3
2022,2022/12/05,2018,LAWRENCE AV E,Major Arterial,43.741168,-79.317989,Mid-Block,Non Intersection,No Control,Clear,"Dark, artificial",Dry,Non-Fatal Injury,Pedestrian Collisions,Driver,20 to 24,None,True,False,True,False,False,False,False,False,False,False,18159,div15,district3
2022,2022/12/05,2018,LAWRENCE AV E,Major Arterial,43.741168,-79.317989,Mid-Block,Non Intersection,No Control,Clear,"Dark, artificial",Dry,Non-Fatal Injury,Pedestrian Collisions,Pedestrian,60 to 64,Major,True,False,True,False,False,False,False,False,False,False,18160,div15,district3
2019,2019/06/01,1515,BLOOR ST W,Major Arterial,43.654635,-79.460002,Intersection,At Intersection,Traffic Signal,Clear,Daylight,Dry,Non-Fatal Injury,Cyclist Collisions,Driver,60 to 64,None,False,True,True,False,False,False,False,False,False,False,15120,div16,district3
2019,2019/06/01,1515,BLOOR ST W,Major Arterial,43.654635,-79.460002,Intersection,At Intersection,Traffic Signal,Clear,Daylight,Dry,Non-Fatal Injury,Cyclist Collisions,Cyclist,30 to 34,Major,False,True,True,False,False,False,False,False,False,False,15131,div16,district3
2018,2018/10/22,1840,DUNDAS ST W,Major Arterial,43.665557,-79.485881,Intersection,Intersection Related,No Control,Clear,"Dark, artificial",Dry,Non-Fatal Injury,Pedestrian Collisions,Truck Driver,60 to 64,None,True,False,False,False,True,False,False,False,False,False,15749,div16,district3
2018,2018/10/22,1840,DUNDAS ST W,Major Arterial,43.665557,-79.485881,Intersection,Intersection Related,No Control,Clear,"Dark, artificial",Dry,Non-Fatal Injury,Pedestrian Collisions,Pedestrian,75 to 79,Major,True,False,False,False,True,False,False,False,False,False,15758,div16,district3
2021,2021/11/30,1721,JANE STREET,Local,43.653922,-79.486545,Intersection,Intersection Related,Traffic Signal,Clear,Dark,Wet,Non-Fatal Injury,SMV Other,Driver,55 to 59,None,True,False,True,False,False,False,False,False,False,False,17667,div16,district3
2021,2021/11/30,1721,JANE STREET,Local,43.653922,-79.486545,Intersection,Intersection Related,Traffic Signal,Clear,Dark,Wet,Non-Fatal Injury,SMV Other,Pedestrian,65 to 69,Major,True,False,True,False,False,False,False,False,False,False,17680,div16,district3
2022,2022/03/08,700,DUNDAS ST W,Minor Arterial,43.664412,-79.458736,Intersection,At Intersection,Traffic Signal,Clear,Daylight,Dry,Non-Fatal Injury,Rear End,Driver,75 to 79,Major,False,False,True,False,False,False,False,False,False,False,17881,div16,district3
2022,2022/03/08,700,DUNDAS ST W,Minor Arterial,43.664412,-79.458736,Intersection,At Intersection,Traffic Signal,Clear,Daylight,Dry,Non-Fatal Injury,Rear End,Driver,65 to 69,Minor,False,False,True,False,False,False,False,False,False,False,17890,div16,district3
2022,2022/03/08,700,DUNDAS ST W,Minor Arterial,43.664412,-79.458736,Intersection,At Intersection,Traffic Signal,Clear,Daylight,Dry,Non-Fatal Injury,Rear End,Driver,unknown,None,False,False,True,False,False,False,False,False,False,False,17904,div16,district3
2018,2018/08/21,630,KEELE STREET,Major Arterial,43.781569,-79.494472,Intersection,At Intersection,Traffic Signal,Clear,"Dawn, artificial",Dry,Non-Fatal Injury,Pedestrian Collisions,Driver,unknown,None,True,False,True,False,False,False,False,False,False,False,14044,div17,district3
2018,2018/08/21,630,KEELE STREET,Major Arterial,43.781569,-79.494472,Intersection,At Intersection,Traffic Signal,Clear,"Dawn, artificial",Dry,Non-Fatal Injury,Pedestrian Collisions,Pedestrian,35 to 39,Major,True,False,True,False,False,False,False,False,False,False,14045,div17,district3
2018,2018/09/03,1522,AVENUE RD,Major Arterial,43.698706,-79.406116,Intersection,At Intersection,Traffic Signal,Clear,Daylight,Dry,Non-Fatal Injury,Angle,Driver,30 to 34,Minor,False,False,True,False,False,True,False,True,False,False,14093,div1,district4
2018,2018/09/03,1522,AVENUE RD,Major Arterial,43.698706,-79.406116,Intersection,At Intersection,Traffic Signal,Clear,Daylight,Dry,Non-Fatal Injury,Angle,Driver,30 to 34,Minor,False,False,True,False,False,True,False,True,False,False,14094,div1,district4
2018,2018/09/03,1522,AVENUE RD,Major Arterial,43.698706,-79.406116,Intersection,At Intersection,Traffic Signal,Clear,Daylight,Dry,Non-Fatal Injury,Angle,Passenger,60 to 64,Major,False,False,True,False,False,True,False,True,False,False,14095,div1,district4
2018,2018/07/09,2148,LN W HURON N BERNARD,Laneway,43.673171,-79.404529,Mid-Block,Laneway,No Control,Clear,"Dark, artificial",Dry,Non-Fatal Injury,Pedestrian Collisions,Driver,unknown,None,True,False,True,False,False,True,True,False,False,False,14237,div1,district4
2018,2018/07/09,2148,LN W HURON N BERNARD,Laneway,43.673171,-79.404529,Mid-Block,Laneway,No Control,Clear,"Dark, artificial",Dry,Non-Fatal Injury,Pedestrian Collisions,Driver,20 to 24,None,True,False,True,False,False,True,True,False,False,False,14241,div1,district4
2018,2018/07/09,2148,LN W HURON N BERNARD,Laneway,43.673171,-79.404529,Mid-Block,Laneway,No Control,Clear,"Dark, artificial",Dry,Non-Fatal Injury,Pedestrian Collisions,Pedestrian,25 to 29,Minor,True,False,True,False,False,True,True,False,False,False,14246,div1,district4
2018,2018/07/09,2148,LN W HURON N BERNARD,Laneway,43.673171,-79.404529,Mid-Block,Laneway,No Control,Clear,"Dark, artificial",Dry,Non-Fatal Injury,Pedestrian Collisions,Passenger,20 to 24,Major,True,False,True,False,False,True,True,False,False,False,14252,div1,district4
2022,2022/11/23,1627,ST CLAIR AVE E,Major Arterial,43.68801,-79.394099,Intersection,At Intersection,Traffic Signal,Clear,Daylight,Dry,Fatal,Cyclist Collisions,Cyclist,20 to 24,Fatal,False,True,True,False,False,False,False,False,False,False,18126,div1,district4
2022,2022/11/23,1627,ST CLAIR AVE E,Major Arterial,43.68801,-79.394099,Intersection,At Intersection,Traffic Signal,Clear,Daylight,Dry,Fatal,Cyclist Collisions,Driver,60 to 64,None,False,True,True,False,False,False,False,False,False,False,18127,div1,district4
2019,2019/06/03,1936,LAKE SHORE BLVD W,Major Arterial,43.63238,-79.410854,Intersection,At Intersection,Traffic Signal,Clear,Daylight,Dry,Non-Fatal Injury,Cyclist Collisions,Driver,20 to 24,Major,False,True,True,False,False,False,False,False,False,False,15235,div2,district4
2019,2019/06/03,1936,LAKE SHORE BLVD W,Major Arterial,43.63238,-79.410854,Intersection,At Intersection,Traffic Signal,Clear,Daylight,Dry,Non-Fatal Injury,Cyclist Collisions,Cyclist,25 to 29,Minimal,False,True,True,False,False,False,False,False,False,False,15244,div2,district4
2019,2019/08/12,1044,RICHMOND ST W,Major Arterial,43.650012,-79.386249,Intersection,At Intersection,Traffic Signal,Clear,Daylight,Dry,Non-Fatal Injury,Cyclist Collisions,Driver,20 to 24,None,False,True,True,False,False,False,False,False,False,False,15413,div4,district4
2019,2019/08/12,1044,RICHMOND ST W,Major Arterial,43.650012,-79.386249,Intersection,At Intersection,Traffic Signal,Clear,Daylight,Dry,Non-Fatal Injury,Cyclist Collisions,Cyclist,45 to 49,Major,False,True,True,False,False,False,False,False,False,False,15420,div4,district4
2020,2020/07/30,1340,SPADINA AVE,Major Arterial,43.657874,-79.400012,Intersection,At Intersection,Traffic Signal,Clear,Daylight,Dry,Non-Fatal Injury,Cyclist Collisions,Cyclist,20 to 24,Major,False,True,True,False,False,False,False,False,False,False,16805,div4,district4
2020,2020/07/30,1340,SPADINA AVE,Major Arterial,43.657874,-79.400012,Intersection,At Intersection,Traffic Signal,Clear,Daylight,Dry,Non-Fatal Injury,Cyclist Collisions,Driver,45 to 49,None,False,True,True,False,False,False,False,False,False,False,16807,div4,district4
2017,2017/09/05,30,715 MILNER AVE,Minor Arterial,43.796034,-79.210155,Mid-Block,At/Near Private Drive,No Control,Clear,"Dark, artificial",Dry,Non-Fatal Injury,SMV Other,Passenger,30 to 34,Major,False,False,True,False,False,True,False,False,False,False,13013,div6,district4
2017,2017/09/05,30,715 MILNER AVE,Minor Arterial,43.796034,-79.210155,Mid-Block,At/Near Private Drive,No Control,Clear,"Dark, artificial",Dry,Non-Fatal Injury,SMV Other,Driver,15 to 19,Minor,False,False,True,False,False,True,False,False,False,False,13014,div6,district4
2017,2017/09/12,1426,BIRCHMOUNT RD,Major Arterial,43.817134,-79.314929,Mid-Block,Non Intersection,No Control,Clear,Daylight,Dry,Non-Fatal Injury,Approaching,Driver,35 to 39,Minimal,False,False,True,False,False,False,False,False,False,False,13034,div6,district4
2017,2017/09/12,1426,BIRCHMOUNT RD,Major Arterial,43.817134,-79.314929,Mid-Block,Non Intersection,No Control,Clear,Daylight,Dry,Non-Fatal Injury,Approaching,Driver,60 to 64,Major,False,False,True,False,False,False,False,False,False,False,13035,div6,district4
2017,2017/09/28,2135,4322 MCCOWAN RD,Major Arterial,43.829547,-79.274997,Mid-Block,Non Intersection,No Control,Clear,"Dark, artificial",Dry,Fatal,Pedestrian Collisions,Pedestrian,70 to 74,Fatal,True,False,True,False,False,False,False,False,False,False,13079,div6,district4
2017,2017/09/28,2135,4322 MCCOWAN RD,Major Arterial,43.829547,-79.274997,Mid-Block,Non Intersection,No Control,Clear,"Dark, artificial",Dry,Fatal,Pedestrian Collisions,Driver,30 to 34,None,True,False,True,False,False,False,False,False,False,False,13080,div6,district4
2017,2017/10/02,1327,SEWELLS RD,Minor Arterial,43.846129,-79.209255,Intersection,At Intersection,Stop Sign,Clear,Daylight,Dry,Non-Fatal Injury,Turning Movement,Driver,35 to 39,Major,False,False,True,False,False,False,False,False,False,False,13100,div6,district4
2017,2017/10/02,1327,SEWELLS RD,Minor Arterial,43.846129,-79.209255,Intersection,At Intersection,Stop Sign,Clear,Daylight,Dry,Non-Fatal Injury,Turning Movement,Driver,25 to 29,Minimal,False,False,True,False,False,False,False,False,False,False,13101,div6,district4
2017,2017/02/11,2011,MIDLAND  AVE,Major Arterial,43.785277,-79.278529,Intersection,At Intersection,Traffic Signal,Clear,"Dark, artificial",Wet,Non-Fatal Injury,Pedestrian Collisions,Pedestrian,35 to 39,Major,True,False,True,False,False,False,False,False,False,False,13124,div6,district4
2017,2017/02/11,2011,MIDLAND  AVE,Major Arterial,43.785277,-79.278529,Intersection,At Intersection,Traffic Signal,Clear,"Dark, artificial",Wet,Non-Fatal Injury,Pedestrian Collisions,Driver,65 to 69,None,True,False,True,False,False,False,False,False,False,False,13125,div6,district4
2017,2017/02/28,2122,STEELES AVE E,Major Arterial,43.823619,-79.307025,Intersection,At Intersection,Traffic Signal,Rain,"Dark, artificial",Wet,Non-Fatal Injury,Pedestrian Collisions,Driver,45 to 49,None,True,False,True,False,False,False,False,False,False,False,13169,div6,district4
2017,2017/02/28,2122,STEELES AVE E,Major Arterial,43.823619,-79.307025,Intersection,At Intersection,Traffic Signal,Rain,"Dark, artificial",Wet,Non-Fatal Injury,Pedestrian Collisions,Pedestrian,50 to 54,Major,True,False,True,False,False,False,False,False,False,False,13170,div6,district4
2017,2017/03/13,1006,BRIMWOOD BLVD,Collector,43.81272,-79.274318,Intersection,At Intersection,Stop Sign,Clear,Daylight,Dry,Non-Fatal Injury,Cyclist Collisions,Cyclist,70 to 74,Major,False,True,True,False,False,False,False,False,False,False,13188,div6,district4
2017,2017/03/13,1006,BRIMWOOD BLVD,Collector,43.81272,-79.274318,Intersection,At Intersection,Stop Sign,Clear,Daylight,Dry,Non-Fatal Injury,Cyclist Collisions,Driver,45 to 49,None,False,True,True,False,False,False,False,False,False,False,13189,div6,district4
2017,2017/03/15,1658,BRIMLEY RD,Major Arterial,43.798335,-79.273326,Intersection,At Intersection,Traffic Signal,Clear,Daylight,Dry,Non-Fatal Injury,Angle,Driver,15 to 19,Minimal,False,False,True,False,False,True,False,True,False,False,13192,div6,district4
2017,2017/03/15,1658,BRIMLEY RD,Major Arterial,43.798335,-79.273326,Intersection,At Intersection,Traffic Signal,Clear,Daylight,Dry,Non-Fatal Injury,Angle,Driver,30 to 34,Major,False,False,True,False,False,True,False,True,False,False,13193,div6,district4
2017,2017/03/15,1658,BRIMLEY RD,Major Arterial,43.798335,-79.273326,Intersection,At Intersection,Traffic Signal,Clear,Daylight,Dry,Non-Fatal Injury,Angle,Driver,45 to 49,Minimal,False,False,True,False,False,True,False,True,False,False,13194,div6,district4
2017,2017/03/15,1658,BRIMLEY RD,Major Arterial,43.798335,-79.273326,Intersection,At Intersection,Traffic Signal,Clear,Daylight,Dry,Non-Fatal Injury,Angle,Passenger,15 to 19,None,False,False,True,False,False,True,False,True,False,False,13195,div6,district4
2017,2017/05/04,2025,NUGGET AVE,Major Arterial,43.798484,-79.241008,Intersection,At Intersection,Traffic Signal,Rain,Daylight,Wet,Non-Fatal Injury,Pedestrian Collisions,Pedestrian,65 to 69,Major,True,False,True,False,False,False,False,False,False,False,13207,div6,district4
2017,2017/05/05,2359,MORNINGSIDE AVE,Minor Arterial,43.816607,-79.211665,Mid-Block,Non Intersection,No Control,Clear,"Dark, artificial",Other,Fatal,Approaching,Driver,40 to 44,None,False,False,True,False,False,True,False,False,False,False,13247,div6,district4
2017,2017/08/02,123,BRIMLEY RD,Major Arterial,43.787505,-79.268276,Intersection,At Intersection,Traffic Signal,Clear,"Dark, artificial",Dry,Non-Fatal Injury,Turning Movement,Driver,20 to 24,None,False,False,True,False,False,False,False,False,False,False,13252,div6,district4
2017,2017/06/28,1648,MIDDELFIELD ROAD,Minor Arterial,43.823207,-79.263141,Intersection,At Intersection,No Control,Clear,Daylight,Dry,Non-Fatal Injury,Pedestrian Collisions,Pedestrian,15 to 19,Major,True,False,True,False,False,False,False,False,False,False,13253,div6,district4
2017,2017/05/05,2359,MORNINGSIDE AVE,Minor Arterial,43.816607,-79.211665,Mid-Block,Non Intersection,No Control,Clear,"Dark, artificial",Other,Fatal,Approaching,Passenger,30 to 34,None,False,False,True,False,False,True,False,False,False,False,13257,div6,district4
2017,2017/08/02,123,BRIMLEY RD,Major Arterial,43.787505,-79.268276,Intersection,At Intersection,Traffic Signal,Clear,"Dark, artificial",Dry,Non-Fatal Injury,Turning Movement,Driver,55 to 59,Major,False,False,True,False,False,False,False,False,False,False,13262,div6,district4
2017,2017/05/05,2359,MORNINGSIDE AVE,Minor Arterial,43.816607,-79.211665,Mid-Block,Non Intersection,No Control,Clear,"Dark, artificial",Other,Fatal,Approaching,Driver,60 to 64,None,False,False,True,False,False,True,False,False,False,False,13270,div6,district4
2017,2017/05/05,2359,MORNINGSIDE AVE,Minor Arterial,43.816607,-79.211665,Mid-Block,Non Intersection,No Control,Clear,"Dark, artificial",Other,Fatal,Approaching,Driver,20 to 24,Minor,False,False,True,False,False,True,False,False,False,False,13275,div6,district4
2017,2017/05/05,2359,MORNINGSIDE AVE,Minor Arterial,43.816607,-79.211665,Mid-Block,Non Intersection,No Control,Clear,"Dark, artificial",Other,Fatal,Approaching,Driver,70 to 74,Fatal,False,False,True,False,False,True,False,False,False,False,13284,div6,district4
2017,2017/03/28,600,2800 WARDEN AVE,Major Arterial,43.794673,-79.314952,Mid-Block,Non Intersection,Pedestrian Crossover,Clear,Dark,Dry,Non-Fatal Injury,Pedestrian Collisions,Pedestrian,65 to 69,Major,True,False,True,False,False,False,False,False,False,False,13352,div6,district4
2017,2017/08/08,801,MILLIKEN BLVD,Major Arterial,43.801741,-79.294254,Intersection,At Intersection,Traffic Signal,Clear,Daylight,Dry,Non-Fatal Injury,Pedestrian Collisions,Driver,50 to 54,None,True,False,True,False,False,False,False,False,False,False,13357,div6,district4
2017,2017/03/28,600,2800 WARDEN AVE,Major Arterial,43.794673,-79.314952,Mid-Block,Non Intersection,Pedestrian Crossover,Clear,Dark,Dry,Non-Fatal Injury,Pedestrian Collisions,Driver,25 to 29,None,True,False,True,False,False,False,False,False,False,False,13360,div6,district4
2017,2017/08/08,801,MILLIKEN BLVD,Major Arterial,43.801741,-79.294254,Intersection,At Intersection,Traffic Signal,Clear,Daylight,Dry,Non-Fatal Injury,Pedestrian Collisions,Pedestrian,75 to 79,Major,True,False,True,False,False,False,False,False,False,False,13365,div6,district4
2017,2017/08/10,1810,SHEPPARD AVE E,Major Arterial,43.803004,-79.194843,Intersection,At Intersection,Traffic Signal,Clear,Daylight,Dry,Fatal,Rear End,Driver,50 to 54,Fatal,False,False,True,False,False,False,False,False,False,False,13388,div6,district4
2017,2017/03/31,1050,PASSMORE  AVE,Collector,43.819899,-79.298061,Intersection,At Intersection,Traffic Signal,Clear,Daylight,Dry,Non-Fatal Injury,Turning Movement,Driver,60 to 64,Major,False,False,True,False,False,False,False,True,False,False,13392,div6,district4
2017,2017/03/31,1050,PASSMORE  AVE,Collector,43.819899,-79.298061,Intersection,At Intersection,Traffic Signal,Clear,Daylight,Dry,Non-Fatal Injury,Turning Movement,Driver,45 to 49,Minor,False,False,True,False,False,False,False,True,False,False,13396,div6,district4
2017,2017/08/10,1810,SHEPPARD AVE E,Major Arterial,43.803004,-79.194843,Intersection,At Intersection,Traffic Signal,Clear,Daylight,Dry,Fatal,Rear End,Driver,45 to 49,None,False,False,True,False,False,False,False,False,False,False,13401,div6,district4
2017,2017/04/02,905,PHARMACY AVE,Major Arterial,43.816786,-79.336421,Intersection,At Intersection,Traffic Signal,Clear,Daylight,Dry,Non-Fatal Injury,Pedestrian Collisions,Driver,65 to 69,None,True,False,True,False,False,False,False,False,False,False,13441,div6,district4
2017,2017/04/02,905,PHARMACY AVE,Major Arterial,43.816786,-79.336421,Intersection,At Intersection,Traffic Signal,Clear,Daylight,Dry,Non-Fatal Injury,Pedestrian Collisions,Pedestrian,60 to 64,Major,True,False,True,False,False,False,False,False,False,False,13451,div6,district4
2017,2017/04/04,10,MCLEVIN AVE,Minor Arterial,43.80511,-79.22665,Intersection,At Intersection,Traffic Signal,Rain,"Dark, artificial",Wet,Non-Fatal Injury,Pedestrian Collisions,Driver,40 to 44,None,True,False,True,False,False,False,False,False,False,False,13500,div6,district4
2017,2017/04/04,10,MCLEVIN AVE,Minor Arterial,43.80511,-79.22665,Intersection,At Intersection,Traffic Signal,Rain,"Dark, artificial",Wet,Non-Fatal Injury,Pedestrian Collisions,Pedestrian,15 to 19,Major,True,False,True,False,False,False,False,False,False,False,13505,div6,district4
2017,2017/06/10,1404,FINCH  AVE E,Major Arterial,43.794886,-79.323169,Mid-Block,Non Intersection,No Control,Clear,Daylight,Dry,Non-Fatal Injury,Pedestrian Collisions,Motorcycle Driver,25 to 29,Minor,True,False,False,True,False,False,True,False,False,False,13540,div6,district4
2017,2017/06/10,1404,FINCH  AVE E,Major Arterial,43.794886,-79.323169,Mid-Block,Non Intersection,No Control,Clear,Daylight,Dry,Non-Fatal Injury,Pedestrian Collisions,Pedestrian,60 to 64,Major,True,False,False,True,False,False,True,False,False,False,13544,div6,district4
2017,2017/08/17,2245,WHITE HEATHER BLVD,Collector,43.815486,-79.26604,Intersection,At Intersection,No Control,Clear,"Dark, artificial",Dry,Non-Fatal Injury,SMV Other,Passenger,15 to 19,Major,False,False,True,False,False,True,True,False,True,False,13552,div6,district4
2017,2017/08/17,2245,WHITE HEATHER BLVD,Collector,43.815486,-79.26604,Intersection,At Intersection,No Control,Clear,"Dark, artificial",Dry,Non-Fatal Injury,SMV Other,Driver,20 to 24,None,False,False,True,False,False,True,True,False,True,False,13558,div6,district4