YEAR,DATE,TIME,STREET1,ROAD_CLASS,LATITUDE,LONGITUDE,LOCCOORD,ACCLOC,TRAFFCTL,VISIBILITY,LIGHT,RDSFCOND,ACCLASS,IMPACTYPE,INVTYPE,INVAGE,INJURY,PEDESTRIAN,CYCLIST,AUTOMOBILE,MOTORCYCLE,TRUCK,PASSENGER,SPEEDING,REDLIGHT,ALCOHOL,DISABILITY,Record_ID,division_id,district_id
2018,2018/08/03,1653,MORECAMBE GT,Major Arterial,43.79798,-79.333591,Intersection,At Intersection,Traffic Signal,Clear,Daylight,Dry,Non-Fatal Injury,Pedestrian Collisions,Driver,50 to 54,None,True,False,True,False,False,False,False,False,False,False,14728,div6,district4
2018,2018/08/03,1653,MORECAMBE GT,Major Arterial,43.79798,-79.333591,Intersection,At Intersection,Traffic Signal,Clear,Daylight,Dry,Non-Fatal Injury,Pedestrian Collisions,Pedestrian,45 to 49,Major,True,False,True,False,False,False,False,False,False,False,14740,div6,district4
2018,2018/01/20,2105,MORNINGSIDE AVE,Major Arterial,43.797301,-79.197437,Mid-Block,Non Intersection,No Control,Clear,"Dark, artificial",Dry,Non-Fatal Injury,Pedestrian Collisions,Pedestrian,45 to 49,Major,True,False,True,False,False,False,False,False,False,False,14746,div6,district4
2018,2018/08/04,1425,FINCHDENE SQ,Minor Arterial,43.815356,-79.231464,Intersection,At Intersection,Traffic Signal,Clear,Daylight,Dry,Non-Fatal Injury,SMV Other,Motorcycle Driver,20 to 24,Major,False,False,False,True,False,False,False,False,False,False,14750,div6,district4
2018,2018/01/20,2105,MORNINGSIDE AVE,Major Arterial,43.797301,-79.197437,Mid-Block,Non Intersection,No Control,Clear,"Dark, artificial",Dry,Non-Fatal Injury,Pedestrian Collisions,Driver,unknown,None,True,False,True,False,False,False,False,False,False,False,14753,div6,district4
2018,2018/02/27,1530,CANONGATE TRL,Collector,43.818522,-79.306857,Intersection,At Intersection,No Control,Clear,Daylight,Dry,Fatal,Pedestrian Collisions,Pedestrian,10 to 14,Fatal,True,False,True,False,False,False,False,False,False,False,14804,div6,district4
2018,2018/02/27,1530,CANONGATE TRL,Collector,43.818522,-79.306857,Intersection,At Intersection,No Control,Clear,Daylight,Dry,Fatal,Pedestrian Collisions,Driver,75 to 79,None,True,False,True,False,False,False,False,False,False,False,14807,div6,district4
2018,2018/02/27,1530,CANONGATE TRL,Collector,43.818522,-79.306857,Intersection,At Intersection,No Control,Clear,Daylight,Dry,Fatal,Pedestrian Collisions,Driver,75 to 79,None,True,False,True,False,False,False,False,False,False,False,14815,div6,district4
2018,2018/01/24,1150,WARDEN AVE,Major Arterial,43.81428,-79.324542,Mid-Block,Non Intersection,Traffic Signal,Clear,Daylight,Dry,Fatal,Pedestrian Collisions,Pedestrian,60 to 64,Fatal,True,False,True,False,False,False,False,True,False,False,14822,div6,district4
2018,2018/01/24,1150,WARDEN AVE,Major Arterial,43.81428,-79.324542,Mid-Block,Non Intersection,Traffic Signal,Clear,Daylight,Dry,Fatal,Pedestrian Collisions,Driver,55 to 59,None,True,False,True,False,False,False,False,True,False,False,14828,div6,district4
2018,2018/05/27,1907,STAINES RD,Local,43.834822,-79.229938,Intersection,At Intersection,Stop Sign,Clear,Daylight,Dry,Non-Fatal Injury,Pedestrian Collisions,Driver,20 to 24,None,True,False,True,False,False,False,False,False,False,False,14830,div6,district4
2018,2018/05/27,1907,STAINES RD,Local,43.834822,-79.229938,Intersection,At Intersection,Stop Sign,Clear,Daylight,Dry,Non-Fatal Injury,Pedestrian Collisions,Pedestrian,65 to 69,Major,True,False,True,False,False,False,False,False,False,False,14837,div6,district4
2018,2018/05/29,934,STEELES AVE E,Major Arterial,43.823569,-79.307048,Intersection,Intersection Related,No Control,Clear,Daylight,Dry,Fatal,Other,Passenger,80 to 84,Fatal,False,False,False,False,False,True,False,False,False,False,14844,div6,district4
2018,2018/01/26,2055,TAPSCOTT RD,Minor Arterial,43.804679,-79.22578,Mid-Block,Non Intersection,No Control,Clear,"Dark, artificial",Dry,Non-Fatal Injury,Approaching,Driver,35 to 39,Major,False,False,True,False,False,True,True,False,True,False,14845,div6,district4
2018,2018/01/26,2055,TAPSCOTT RD,Minor Arterial,43.804679,-79.22578,Mid-Block,Non Intersection,No Control,Clear,"Dark, artificial",Dry,Non-Fatal Injury,Approaching,Driver,35 to 39,Minor,False,False,True,False,False,True,True,False,True,False,14850,div6,district4
2018,2018/05/29,934,STEELES AVE E,Major Arterial,43.823569,-79.307048,Intersection,Intersection Related,No Control,Clear,Daylight,Dry,Fatal,Other,Driver,45 to 49,None,False,False,False,False,False,True,False,False,False,False,14854,div6,district4
2018,2018/01/26,2055,TAPSCOTT RD,Minor Arterial,43.804679,-79.22578,Mid-Block,Non Intersection,No Control,Clear,"Dark, artificial",Dry,Non-Fatal Injury,Approaching,Passenger,55 to 59,Minimal,False,False,True,False,False,True,True,False,True,False,14857,div6,district4
2018,2018/04/21,2341,SEWELLS RD,Minor Arterial,43.814105,-79.213535,Mid-Block,Non Intersection,No Control,Clear,"Dark, artificial",Dry,Fatal,SMV Other,Driver,25 to 29,Fatal,False,False,True,False,False,False,True,False,False,False,14879,div6,district4
2018,2018/09/26,1755,BRIMLEY RD,Major Arterial,43.810984,-79.279712,Intersection,At Intersection,Traffic Signal,Clear,Daylight,Dry,Non-Fatal Injury,Cyclist Collisions,Cyclist,30 to 34,Major,False,True,True,False,False,False,False,False,False,False,14991,div6,district4
2018,2018/09/26,1755,BRIMLEY RD,Major Arterial,43.810984,-79.279712,Intersection,At Intersection,Traffic Signal,Clear,Daylight,Dry,Non-Fatal Injury,Cyclist Collisions,Driver,45 to 49,None,False,True,True,False,False,False,False,False,False,False,14994,div6,district4
2018,2018/09/26,2053,3850 SHEPPARD AVE E,Major Arterial,43.782229,-79.292499,Mid-Block,Non Intersection,No Control,Clear,"Dark, artificial",Dry,Fatal,Pedestrian Collisions,Driver,unknown,None,True,False,True,False,False,False,False,False,False,False,15012,div6,district4
2019,2019/09/06,630,WARDEN AVE,Major Arterial,43.808352,-79.32191,Mid-Block,Non Intersection,No Control,Clear,Daylight,Dry,Fatal,Pedestrian Collisions,Pedestrian,Over 95,Fatal,True,False,True,False,False,False,False,False,False,False,15019,div6,district4
2019,2019/09/06,630,WARDEN AVE,Major Arterial,43.808352,-79.32191,Mid-Block,Non Intersection,No Control,Clear,Daylight,Dry,Fatal,Pedestrian Collisions,Driver,25 to 29,None,True,False,True,False,False,False,False,False,False,False,15020,div6,district4
2019,2019/09/08,1515,STEELES AVE E,Major Arterial,43.820498,-79.320415,Intersection,At Intersection,Traffic Signal,Clear,Daylight,Dry,Non-Fatal Injury,Turning Movement,Driver,30 to 34,Minimal,False,False,True,False,False,True,False,True,False,False,15031,div6,district4
2019,2019/09/08,1515,STEELES AVE E,Major Arterial,43.820498,-79.320415,Intersection,At Intersection,Traffic Signal,Clear,Daylight,Dry,Non-Fatal Injury,Turning Movement,Driver,65 to 69,Major,False,False,True,False,False,True,False,True,False,False,15032,div6,district4
2019,2019/09/08,1515,STEELES AVE E,Major Arterial,43.820498,-79.320415,Intersection,At Intersection,Traffic Signal,Clear,Daylight,Dry,Non-Fatal Injury,Turning Movement,Passenger,30 to 34,Minimal,False,False,True,False,False,True,False,True,False,False,15033,div6,district4
2019,2019/09/08,1515,STEELES AVE E,Major Arterial,43.820498,-79.320415,Intersection,At Intersection,Traffic Signal,Clear,Daylight,Dry,Non-Fatal Injury,Turning Movement,Passenger,0 to 4,Minimal,False,False,True,False,False,True,False,True,False,False,15034,div6,district4
2019,2019/09/08,1515,STEELES AVE E,Major Arterial,43.820498,-79.320415,Intersection,At Intersection,Traffic Signal,Clear,Daylight,Dry,Non-Fatal Injury,Turning Movement,Passenger,5 to 9,None,False,False,True,False,False,True,False,True,False,False,15035,div6,district4
2019,2019/09/08,1515,STEELES AVE E,Major Arterial,43.820498,-79.320415,Intersection,At Intersection,Traffic Signal,Clear,Daylight,Dry,Non-Fatal Injury,Turning Movement,Passenger,65 to 69,Major,False,False,True,False,False,True,False,True,False,False,15036,div6,district4
2019,2019/09/16,1016,BRIMLEY RD,Major Arterial,43.790507,-79.269923,Intersection,At Intersection,Traffic Signal,Clear,Daylight,Dry,Non-Fatal Injury,Approaching,Driver,20 to 24,Major,False,False,True,False,True,False,False,False,False,False,15064,div6,district4
2019,2019/09/16,1016,BRIMLEY RD,Major Arterial,43.790507,-79.269923,Intersection,At Intersection,Traffic Signal,Clear,Daylight,Dry,Non-Fatal Injury,Approaching,Truck Driver,60 to 64,None,False,False,True,False,True,False,False,False,False,False,15065,div6,district4
2019,2019/10/09,1446,KINGSTON RD,Major Arterial,43.797892,-79.147685,Mid-Block,At/Near Private Drive,No Control,Clear,Daylight,Dry,Non-Fatal Injury,Turning Movement,Driver,80 to 84,Major,False,False,True,False,False,False,False,False,False,False,15103,div6,district4
2019,2019/10/09,1446,KINGSTON RD,Major Arterial,43.797892,-79.147685,Mid-Block,At/Near Private Drive,No Control,Clear,Daylight,Dry,Non-Fatal Injury,Turning Movement,Driver,65 to 69,Minor,False,False,True,False,False,False,False,False,False,False,15104,div6,district4
2018,2018/11/29,1705,KENNEDY RD,Major Arterial,43.816859,-79.304042,Mid-Block,At/Near Private Drive,No Control,Clear,Dusk,Dry,Non-Fatal Injury,Cyclist Collisions,Passenger,0 to 4,None,False,True,True,False,False,True,False,False,False,False,15109,div6,district4
2018,2018/09/26,2053,3850 SHEPPARD AVE E,Major Arterial,43.782229,-79.292499,Mid-Block,Non Intersection,No Control,Clear,"Dark, artificial",Dry,Fatal,Pedestrian Collisions,Pedestrian,75 to 79,Fatal,True,False,True,False,False,False,False,False,False,False,15117,div6,district4
2019,2019/01/08,2110,HALFWAY AVE,Minor Arterial,43.817847,-79.213687,Intersection,At Intersection,No Control,Rain,"Dark, artificial",Wet,Non-Fatal Injury,Pedestrian Collisions,Driver,70 to 74,None,True,False,True,False,False,False,False,False,False,False,15150,div6,district4
2019,2019/01/08,2110,HALFWAY AVE,Minor Arterial,43.817847,-79.213687,Intersection,At Intersection,No Control,Rain,"Dark, artificial",Wet,Non-Fatal Injury,Pedestrian Collisions,Pedestrian,45 to 49,Major,True,False,True,False,False,False,False,False,False,False,15156,div6,district4
2019,2019/06/02,1247,MCLEVIN AVE,Minor Arterial,43.810267,-79.219989,Intersection,At Intersection,Traffic Signal,Clear,Daylight,Dry,Non-Fatal Injury,Pedestrian Collisions,Driver,60 to 64,None,True,False,True,False,False,False,False,False,False,False,15158,div6,district4
2019,2019/06/02,1247,MCLEVIN AVE,Minor Arterial,43.810267,-79.219989,Intersection,At Intersection,Traffic Signal,Clear,Daylight,Dry,Non-Fatal Injury,Pedestrian Collisions,Pedestrian,75 to 79,Major,True,False,True,False,False,False,False,False,False,False,15164,div6,district4
2019,2019/01/09,1853,3825 SHEPPARD AVE E,Major Arterial,43.782298,-79.292247,Mid-Block,Non Intersection,No Control,Clear,"Dark, artificial",Dry,Non-Fatal Injury,Pedestrian Collisions,Driver,unknown,None,True,False,True,False,False,False,True,False,False,False,15165,div6,district4
2019,2019/01/09,1853,3825 SHEPPARD AVE E,Major Arterial,43.782298,-79.292247,Mid-Block,Non Intersection,No Control,Clear,"Dark, artificial",Dry,Non-Fatal Injury,Pedestrian Collisions,Pedestrian,85 to 89,Major,True,False,True,False,False,False,True,False,False,False,15170,div6,district4
2019,2019/06/03,1524,MIDLAND AVE,Major Arterial,43.788863,-79.280002,Intersection,Intersection Related,Traffic Signal,Clear,Daylight,Dry,Non-Fatal Injury,Pedestrian Collisions,Driver,60 to 64,None,True,False,True,False,False,True,False,False,False,False,15171,div6,district4
2018,2018/09/29,820,ESQUIRE RD,Major Arterial,43.773429,-79.32217,Intersection,At Intersection,No Control,Clear,Daylight,Dry,Non-Fatal Injury,Pedestrian Collisions,Driver,unknown,None,True,False,True,False,False,False,False,False,False,False,15181,div6,district4
2019,2019/06/03,1524,MIDLAND AVE,Major Arterial,43.788863,-79.280002,Intersection,Intersection Related,Traffic Signal,Clear,Daylight,Dry,Non-Fatal Injury,Pedestrian Collisions,Passenger,5 to 9,None,True,False,True,False,False,True,False,False,False,False,15186,div6,district4
2019,2019/06/03,1524,MIDLAND AVE,Major Arterial,43.788863,-79.280002,Intersection,Intersection Related,Traffic Signal,Clear,Daylight,Dry,Non-Fatal Injury,Pedestrian Collisions,Pedestrian,10 to 14,Major,True,False,True,False,False,True,False,False,False,False,15192,div6,district4
2019,2019/04/17,805,SHEPPARD AVE E,Major Arterial,43.782294,-79.292224,Mid-Block,Non Intersection,No Control,Clear,Daylight,Dry,Non-Fatal Injury,Pedestrian Collisions,Driver,60 to 64,None,True,False,True,False,False,True,False,False,False,False,15195,div6,district4
2018,2018/09/29,820,ESQUIRE RD,Major Arterial,43.773429,-79.32217,Intersection,At Intersection,No Control,Clear,Daylight,Dry,Non-Fatal Injury,Pedestrian Collisions,Pedestrian,80 to 84,Major,True,False,True,False,False,False,False,False,False,False,15200,div6,district4
2019,2019/06/03,1524,MIDLAND AVE,Major Arterial,43.788863,-79.280002,Intersection,Intersection Related,Traffic Signal,Clear,Daylight,Dry,Non-Fatal Injury,Pedestrian Collisions,Pedestrian,10 to 14,Major,True,False,True,False,False,True,False,False,False,False,15201,div6,district4
2019,2019/07/07,2010,SHEPPARD AVE E,Major Arterial,43.798049,-79.217632,Intersection,At Intersection,Traffic Signal,Clear,Daylight,Dry,Non-Fatal Injury,Pedestrian Collisions,Driver,20 to 24,None,True,False,True,False,False,False,False,False,False,False,15208,div6,district4
2019,2019/04/17,805,SHEPPARD AVE E,Major Arterial,43.782294,-79.292224,Mid-Block,Non Intersection,No Control,Clear,Daylight,Dry,Non-Fatal Injury,Pedestrian Collisions,Passenger,30 to 34,None,True,False,True,False,False,True,False,False,False,False,15213,div6,district4
2019,2019/01/14,1900,MURISON BLVD,Minor Arterial,43.79893,-79.202266,Intersection,At Intersection,Traffic Signal,Clear,"Dark, artificial",Dry,Non-Fatal Injury,Pedestrian Collisions,Driver,20 to 24,None,True,False,True,False,False,True,False,False,False,False,15215,div6,district4
2019,2019/07/07,2010,SHEPPARD AVE E,Major Arterial,43.798049,-79.217632,Intersection,At Intersection,Traffic Signal,Clear,Daylight,Dry,Non-Fatal Injury,Pedestrian Collisions,Pedestrian,25 to 29,Major,True,False,True,False,False,False,False,False,False,False,15217,div6,district4
2019,2019/04/17,805,SHEPPARD AVE E,Major Arterial,43.782294,-79.292224,Mid-Block,Non Intersection,No Control,Clear,Daylight,Dry,Non-Fatal Injury,Pedestrian Collisions,Pedestrian,Over 95,Major,True,False,True,False,False,True,False,False,False,False,15223,div6,district4
2019,2019/01/14,1900,MURISON BLVD,Minor Arterial,43.79893,-79.202266,Intersection,At Intersection,Traffic Signal,Clear,"Dark, artificial",Dry,Non-Fatal Injury,Pedestrian Collisions,Pedestrian,25 to 29,Major,True,False,True,False,False,True,False,False,False,False,15224,div6,district4
2018,2018/11/02,1940,MCNICOLL AVE,Minor Arterial,43.804274,-79.334911,Mid-Block,Non Intersection,No Control,Clear,"Dark, artificial",Wet,Non-Fatal Injury,SMV Other,Driver,30 to 34,Major,False,False,True,False,False,False,False,False,False,False,15225,div6,district4
2019,2019/03/13,555,STEELES AVE E,Minor Arterial,43.845545,-79.211932,Mid-Block,Non Intersection,No Control,Clear,Dark,Ice,Non-Fatal Injury,Approaching,Driver,50 to 54,Minor,False,False,True,False,False,True,True,False,False,False,15234,div6,district4
2018,2018/11/05,912,BIRCHMOUNT RD,Major Arterial,43.774165,-79.295017,Intersection,At Intersection,Traffic Signal,Rain,Daylight,Wet,Non-Fatal Injury,Pedestrian Collisions,Driver,30 to 34,None,True,False,True,False,False,False,False,False,False,False,15237,div6,district4
2019,2019/01/14,1900,MURISON BLVD,Minor Arterial,43.79893,-79.202266,Intersection,At Intersection,Traffic Signal,Clear,"Dark, artificial",Dry,Non-Fatal Injury,Pedestrian Collisions,Pedestrian,0 to 4,None,True,False,True,False,False,True,False,False,False,False,15238,div6,district4
2019,2019/03/13,555,STEELES AVE E,Minor Arterial,43.845545,-79.211932,Mid-Block,Non Intersection,No Control,Clear,Dark,Ice,Non-Fatal Injury,Approaching,Driver,50 to 54,Major,False,False,True,False,False,True,True,False,False,False,15243,div6,district4
2019,2019/01/14,1900,MURISON BLVD,Minor Arterial,43.79893,-79.202266,Intersection,At Intersection,Traffic Signal,Clear,"Dark, artificial",Dry,Non-Fatal Injury,Pedestrian Collisions,Passenger,20 to 24,None,True,False,True,False,False,True,False,False,False,False,15245,div6,district4
2018,2018/10/01,600,STEELES AVE E,Major Arterial,43.817809,-79.332042,Intersection,At Intersection,Traffic Signal,Rain,"Dark, artificial",Wet,Non-Fatal Injury,Sideswipe,Driver,unknown,None,False,False,False,True,False,False,False,False,False,False,15246,div6,district4
2018,2018/11/05,912,BIRCHMOUNT RD,Major Arterial,43.774165,-79.295017,Intersection,At Intersection,Traffic Signal,Rain,Daylight,Wet,Non-Fatal Injury,Pedestrian Collisions,Pedestrian,75 to 79,Major,True,False,True,False,False,False,False,False,False,False,15247,div6,district4
2018,2018/10/01,600,STEELES AVE E,Major Arterial,43.817809,-79.332042,Intersection,At Intersection,Traffic Signal,Rain,"Dark, artificial",Wet,Non-Fatal Injury,Sideswipe,Motorcycle Driver,25 to 29,Major,False,False,False,True,False,False,False,False,False,False,15254,div6,district4
2019,2019/03/13,555,STEELES AVE E,Minor Arterial,43.845545,-79.211932,Mid-Block,Non Intersection,No Control,Clear,Dark,Ice,Non-Fatal Injury,Approaching,Passenger,40 to 44,Minimal,False,False,True,False,False,True,True,False,False,False,15257,div6,district4
2019,2019/03/13,555,STEELES AVE E,Minor Arterial,43.845545,-79.211932,Mid-Block,Non Intersection,No Control,Clear,Dark,Ice,Non-Fatal Injury,Approaching,Passenger,50 to 54,Major,False,False,True,False,False,True,True,False,False,False,15266,div6,district4
2019,2019/03/13,555,STEELES AVE E,Minor Arterial,43.845545,-79.211932,Mid-Block,Non Intersection,No Control,Clear,Dark,Ice,Non-Fatal Injury,Approaching,Passenger,50 to 54,Minor,False,False,True,False,False,True,True,False,False,False,15275,div6,district4
2018,2018/11/07,1850,MIDDLEFIELD RD,Minor Arterial,43.811759,-79.258502,Intersection,Intersection Related,No Control,Clear,"Dark, artificial",Dry,Non-Fatal Injury,Pedestrian Collisions,Driver,80 to 84,None,True,False,True,False,False,False,False,False,False,False,15290,div6,district4
2018,2018/11/07,1850,MIDDLEFIELD RD,Minor Arterial,43.811759,-79.258502,Intersection,Intersection Related,No Control,Clear,"Dark, artificial",Dry,Non-Fatal Injury,Pedestrian Collisions,Pedestrian,65 to 69,Major,True,False,True,False,False,False,False,False,False,False,15299,div6,district4
2019,2019/03/15,2246,MCCOWAN RD,Major Arterial,43.826819,-79.275867,Intersection,Intersection Related,No Control,Rain,"Dark, artificial",Wet,Non-Fatal Injury,Pedestrian Collisions,Driver,80 to 84,None,True,False,True,False,False,False,False,False,False,False,15356,div6,district4
2019,2019/03/15,2246,MCCOWAN RD,Major Arterial,43.826819,-79.275867,Intersection,Intersection Related,No Control,Rain,"Dark, artificial",Wet,Non-Fatal Injury,Pedestrian Collisions,Pedestrian,15 to 19,Major,True,False,True,False,False,False,False,False,False,False,15367,div6,district4
2019,2019/04/30,725,STAINES RD,Local,43.836573,-79.231487,Intersection,Intersection Related,No Control,Clear,Daylight,Dry,Non-Fatal Injury,Pedestrian Collisions,Driver,40 to 44,None,True,False,False,False,False,False,False,False,False,False,15387,div6,district4
2018,2018/12/07,1830,FINCH AVE E,Major Arterial,43.80044,-79.299564,Intersection,Intersection Related,No Control,Clear,Dark,Dry,Fatal,Pedestrian Collisions,Driver,60 to 64,None,True,False,True,False,False,False,False,False,False,False,15395,div6,district4
2019,2019/04/30,725,STAINES RD,Local,43.836573,-79.231487,Intersection,Intersection Related,No Control,Clear,Daylight,Dry,Non-Fatal Injury,Pedestrian Collisions,Pedestrian,15 to 19,Major,True,False,False,False,False,False,False,False,False,False,15397,div6,district4
2018,2018/12/07,1830,FINCH AVE E,Major Arterial,43.80044,-79.299564,Intersection,Intersection Related,No Control,Clear,Dark,Dry,Fatal,Pedestrian Collisions,Pedestrian,80 to 84,Fatal,True,False,True,False,False,False,False,False,False,False,15407,div6,district4
2019,2019/08/13,1329,STEELES  AVE E,Major Arterial,43.830973,-79.275157,Intersection,At Intersection,Traffic Signal,Clear,Daylight,Dry,Fatal,Turning Movement,Motorcycle Driver,40 to 44,Fatal,False,False,True,True,False,False,False,False,False,False,15433,div6,district4
2019,2019/05/02,1708,MARKHAM RD,Major Arterial,43.836528,-79.251148,Intersection,At Intersection,Traffic Signal,Clear,Daylight,Dry,Non-Fatal Injury,Pedestrian Collisions,Driver,40 to 44,None,True,False,True,False,False,False,False,False,False,False,15434,div6,district4
2019,2019/01/26,230,MCCOWAN RD,Major Arterial,43.809508,-79.267261,Mid-Block,Non Intersection,No Control,Clear,"Dark, artificial",Dry,Non-Fatal Injury,SMV Other,Driver,55 to 59,Major,False,False,True,False,False,False,False,False,True,False,15440,div6,district4
2019,2019/08/13,1329,STEELES  AVE E,Major Arterial,43.830973,-79.275157,Intersection,At Intersection,Traffic Signal,Clear,Daylight,Dry,Fatal,Turning Movement,Driver,35 to 39,None,False,False,True,True,False,False,False,False,False,False,15441,div6,district4
2019,2019/05/02,1708,MARKHAM RD,Major Arterial,43.836528,-79.251148,Intersection,At Intersection,Traffic Signal,Clear,Daylight,Dry,Non-Fatal Injury,Pedestrian Collisions,Pedestrian,45 to 49,Major,True,False,True,False,False,False,False,False,False,False,15442,div6,district4
2019,2019/01/29,1527,PHARMACY AVE,Minor Arterial,43.781603,-79.320125,Intersection,At Intersection,Traffic Signal,Clear,Daylight,Wet,Non-Fatal Injury,Angle,Driver,50 to 54,Minor,False,False,True,False,False,True,False,True,False,False,15451,div6,district4
2019,2019/01/29,1527,PHARMACY AVE,Minor Arterial,43.781603,-79.320125,Intersection,At Intersection,Traffic Signal,Clear,Daylight,Wet,Non-Fatal Injury,Angle,Driver,40 to 44,Minimal,False,False,True,False,False,True,False,True,False,False,15458,div6,district4
2019,2019/01/29,1527,PHARMACY AVE,Minor Arterial,43.781603,-79.320125,Intersection,At Intersection,Traffic Signal,Clear,Daylight,Wet,Non-Fatal Injury,Angle,Passenger,25 to 29,Major,False,False,True,False,False,True,False,True,False,False,15466,div6,district4
2019,2019/01/29,1527,PHARMACY AVE,Minor Arterial,43.781603,-79.320125,Intersection,At Intersection,Traffic Signal,Clear,Daylight,Wet,Non-Fatal Injury,Angle,Passenger,0 to 4,Minor,False,False,True,False,False,True,False,True,False,False,15467,div6,district4
2019,2019/02/01,258,MEADOWVALE RD,Minor Arterial,43.804152,-79.16875,Intersection,At Intersection,Other,Clear,"Dark, artificial",Loose Snow,Fatal,Angle,Passenger,35 to 39,Minor,False,False,True,False,False,True,False,False,False,False,15496,div6,district4
2019,2019/02/01,258,MEADOWVALE RD,Minor Arterial,43.804152,-79.16875,Intersection,At Intersection,Other,Clear,"Dark, artificial",Loose Snow,Fatal,Angle,Driver,30 to 34,Minor,False,False,True,False,False,True,False,False,False,False,15510,div6,district4
2018,2018/12/12,1538,PROGRESS AVE,Major Arterial,43.794589,-79.234897,Intersection,At Intersection,Traffic Signal,Clear,Daylight,Dry,Non-Fatal Injury,Pedestrian Collisions,Driver,60 to 64,None,True,False,False,False,False,False,False,False,False,False,15513,div6,district4
2019,2019/02/01,258,MEADOWVALE RD,Minor Arterial,43.804152,-79.16875,Intersection,At Intersection,Other,Clear,"Dark, artificial",Loose Snow,Fatal,Angle,Driver,40 to 44,Fatal,False,False,True,False,False,True,False,False,False,False,15518,div6,district4
2018,2018/11/19,617,MCCOWAN RD,Major Arterial,43.822432,-79.273952,Intersection,At Intersection,Traffic Signal,Clear,Dark,Dry,Non-Fatal Injury,Pedestrian Collisions,Driver,60 to 64,None,True,False,True,False,False,True,False,False,False,False,15519,div6,district4
2018,2018/12/12,1538,PROGRESS AVE,Major Arterial,43.794589,-79.234897,Intersection,At Intersection,Traffic Signal,Clear,Daylight,Dry,Non-Fatal Injury,Pedestrian Collisions,Pedestrian,60 to 64,Major,True,False,False,False,False,False,False,False,False,False,15521,div6,district4
2018,2018/11/19,617,MCCOWAN RD,Major Arterial,43.822432,-79.273952,Intersection,At Intersection,Traffic Signal,Clear,Dark,Dry,Non-Fatal Injury,Pedestrian Collisions,Passenger,20 to 24,None,True,False,True,False,False,True,False,False,False,False,15528,div6,district4
2018,2018/11/19,617,MCCOWAN RD,Major Arterial,43.822432,-79.273952,Intersection,At Intersection,Traffic Signal,Clear,Dark,Dry,Non-Fatal Injury,Pedestrian Collisions,Pedestrian,30 to 34,Major,True,False,True,False,False,True,False,False,False,False,15536,div6,district4
2019,2019/05/10,124,BRIMLEY RD,Major Arterial,43.816447,-79.282207,Mid-Block,Non Intersection,No Control,Rain,"Dark, artificial",Wet,Fatal,SMV Other,Driver,15 to 19,Fatal,False,False,True,False,False,True,True,False,False,False,15579,div6,district4
2019,2019/05/10,124,BRIMLEY RD,Major Arterial,43.816447,-79.282207,Mid-Block,Non Intersection,No Control,Rain,"Dark, artificial",Wet,Fatal,SMV Other,Passenger,10 to 14,Major,False,False,True,False,False,True,True,False,False,False,15586,div6,district4
2019,2019/08/17,2305,FINCH AVE E,Major Arterial,43.807955,-79.266467,Intersection,At Intersection,Traffic Signal,Clear,"Dark, artificial",Dry,Non-Fatal Injury,Pedestrian Collisions,Driver,25 to 29,None,True,False,True,False,False,False,False,False,False,False,15598,div6,district4
2019,2019/08/17,2305,FINCH AVE E,Major Arterial,43.807955,-79.266467,Intersection,At Intersection,Traffic Signal,Clear,"Dark, artificial",Dry,Non-Fatal Injury,Pedestrian Collisions,Pedestrian,35 to 39,Major,True,False,True,False,False,False,False,False,False,False,15603,div6,district4
2019,2019/05/10,124,BRIMLEY RD,Major Arterial,43.816447,-79.282207,Mid-Block,Non Intersection,No Control,Rain,"Dark, artificial",Wet,Fatal,SMV Other,Passenger,15 to 19,Minor,False,False,True,False,False,True,True,False,False,False,15606,div6,district4
2019,2019/02/04,1904,WARDEN AVE,Major Arterial,43.804549,-79.320133,Intersection,At Intersection,No Control,Rain,"Dark, artificial",Wet,Non-Fatal Injury,Pedestrian Collisions,Driver,85 to 89,None,True,False,True,False,False,False,False,False,False,False,15629,div6,district4
2019,2019/08/19,2118,MARKHAM RD,Major Arterial,43.817473,-79.24496,Mid-Block,Non Intersection,No Control,Clear,"Dark, artificial",Dry,Non-Fatal Injury,Rear End,Motorcycle Driver,20 to 24,Major,False,False,True,True,False,True,True,False,False,False,15633,div6,district4
2019,2019/02/04,1904,WARDEN AVE,Major Arterial,43.804549,-79.320133,Intersection,At Intersection,No Control,Rain,"Dark, artificial",Wet,Non-Fatal Injury,Pedestrian Collisions,Driver,60 to 64,None,True,False,True,False,False,False,False,False,False,False,15639,div6,district4
2019,2019/08/19,2118,MARKHAM RD,Major Arterial,43.817473,-79.24496,Mid-Block,Non Intersection,No Control,Clear,"Dark, artificial",Dry,Non-Fatal Injury,Rear End,Driver,25 to 29,None,False,False,True,True,False,True,True,False,False,False,15640,div6,district4
2019,2019/08/19,2118,MARKHAM RD,Major Arterial,43.817473,-79.24496,Mid-Block,Non Intersection,No Control,Clear,"Dark, artificial",Dry,Non-Fatal Injury,Rear End,Motorcycle Passenger,20 to 24,Major,False,False,True,True,False,True,True,False,False,False,15653,div6,district4