YEAR,DATE,TIME,STREET1,ROAD_CLASS,LATITUDE,LONGITUDE,LOCCOORD,ACCLOC,TRAFFCTL,VISIBILITY,LIGHT,RDSFCOND,ACCLASS,IMPACTYPE,INVTYPE,INVAGE,INJURY,PEDESTRIAN,CYCLIST,AUTOMOBILE,MOTORCYCLE,TRUCK,PASSENGER,SPEEDING,REDLIGHT,ALCOHOL,DISABILITY,Record_ID,division_id,district_id
2019,2019/02/04,1904,WARDEN AVE,Major Arterial,43.804549,-79.320133,Intersection,At Intersection,No Control,Rain,"Dark, artificial",Wet,Non-Fatal Injury,Pedestrian Collisions,Driver,unknown,None,True,False,True,False,False,False,False,False,False,False,15654,div6,district4
2019,2019/07/25,2245,KINGSTON RD,Major Arterial,43.800658,-79.143306,Mid-Block,At/Near Private Drive,No Control,Clear,"Dark, artificial",Dry,Non-Fatal Injury,Turning Movement,Driver,50 to 54,None,False,False,True,False,False,False,False,False,False,False,15657,div6,district4
2019,2019/02/04,1904,WARDEN AVE,Major Arterial,43.804549,-79.320133,Intersection,At Intersection,No Control,Rain,"Dark, artificial",Wet,Non-Fatal Injury,Pedestrian Collisions,Pedestrian,45 to 49,Major,True,False,True,False,False,False,False,False,False,False,15664,div6,district4
2019,2019/08/20,1515,SHEPPARD AVE E,Major Arterial,43.793795,-79.238719,Intersection,At Intersection,Traffic Signal,Clear,Daylight,Dry,Non-Fatal Injury,Pedestrian Collisions,Driver,25 to 29,None,True,False,True,False,False,False,False,False,False,False,15665,div6,district4
2019,2019/07/25,2245,KINGSTON RD,Major Arterial,43.800658,-79.143306,Mid-Block,At/Near Private Drive,No Control,Clear,"Dark, artificial",Dry,Non-Fatal Injury,Turning Movement,Driver,50 to 54,Major,False,False,True,False,False,False,False,False,False,False,15667,div6,district4
2018,2018/11/22,900,STEELES AVE E,Major Arterial,43.825247,-79.300037,Intersection,At Intersection,Traffic Signal,Clear,Daylight,Dry,Non-Fatal Injury,Cyclist Collisions,Driver,45 to 49,None,False,True,True,False,False,True,False,False,False,False,15672,div6,district4
2019,2019/08/20,1515,SHEPPARD AVE E,Major Arterial,43.793795,-79.238719,Intersection,At Intersection,Traffic Signal,Clear,Daylight,Dry,Non-Fatal Injury,Pedestrian Collisions,Pedestrian,70 to 74,Major,True,False,True,False,False,False,False,False,False,False,15673,div6,district4
2018,2018/11/22,900,STEELES AVE E,Major Arterial,43.825247,-79.300037,Intersection,At Intersection,Traffic Signal,Clear,Daylight,Dry,Non-Fatal Injury,Cyclist Collisions,Cyclist,65 to 69,Major,False,True,True,False,False,True,False,False,False,False,15682,div6,district4
2018,2018/11/22,900,STEELES AVE E,Major Arterial,43.825247,-79.300037,Intersection,At Intersection,Traffic Signal,Clear,Daylight,Dry,Non-Fatal Injury,Cyclist Collisions,Passenger,60 to 64,None,False,True,True,False,False,True,False,False,False,False,15693,div6,district4
2018,2018/12/21,710,MCLEVIN AVE,Minor Arterial,43.799807,-79.237598,Intersection,Intersection Related,No Control,Rain,"Dark, artificial",Wet,Non-Fatal Injury,Pedestrian Collisions,Driver,45 to 49,None,True,False,True,False,False,False,False,False,False,False,15695,div6,district4
2019,2019/08/21,1130,SHEPPARD AVE E,Major Arterial,43.785277,-79.278529,Intersection,At Intersection,Traffic Signal,Clear,Daylight,Dry,Fatal,Pedestrian Collisions,Driver,45 to 49,None,True,False,True,False,True,False,False,False,False,False,15702,div6,district4
2018,2018/12/21,710,MCLEVIN AVE,Minor Arterial,43.799807,-79.237598,Intersection,Intersection Related,No Control,Rain,"Dark, artificial",Wet,Non-Fatal Injury,Pedestrian Collisions,Pedestrian,20 to 24,Major,True,False,True,False,False,False,False,False,False,False,15709,div6,district4
2019,2019/08/21,1130,SHEPPARD AVE E,Major Arterial,43.785277,-79.278529,Intersection,At Intersection,Traffic Signal,Clear,Daylight,Dry,Fatal,Pedestrian Collisions,Driver,unknown,None,True,False,True,False,True,False,False,False,False,False,15711,div6,district4
2019,2019/08/21,1130,SHEPPARD AVE E,Major Arterial,43.785277,-79.278529,Intersection,At Intersection,Traffic Signal,Clear,Daylight,Dry,Fatal,Pedestrian Collisions,Pedestrian,75 to 79,Fatal,True,False,True,False,True,False,False,False,False,False,15719,div6,district4
2018,2018/11/24,1731,WARDEN AVE,Major Arterial,43.785407,-79.310916,Intersection,At Intersection,Traffic Signal,Rain,"Dark, artificial",Wet,Non-Fatal Injury,Pedestrian Collisions,Driver,50 to 54,None,True,False,True,False,False,True,False,False,False,False,15721,div6,district4
2018,2018/11/24,1731,WARDEN AVE,Major Arterial,43.785407,-79.310916,Intersection,At Intersection,Traffic Signal,Rain,"Dark, artificial",Wet,Non-Fatal Injury,Pedestrian Collisions,Passenger,45 to 49,None,True,False,True,False,False,True,False,False,False,False,15723,div6,district4
2018,2018/11/24,1731,WARDEN AVE,Major Arterial,43.785407,-79.310916,Intersection,At Intersection,Traffic Signal,Rain,"Dark, artificial",Wet,Non-Fatal Injury,Pedestrian Collisions,Pedestrian,60 to 64,Major,True,False,True,False,False,True,False,False,False,False,15732,div6,district4
2018,2018/11/24,1731,WARDEN AVE,Major Arterial,43.785407,-79.310916,Intersection,At Intersection,Traffic Signal,Rain,"Dark, artificial",Wet,Non-Fatal Injury,Pedestrian Collisions,Pedestrian,55 to 59,Minimal,True,False,True,False,False,True,False,False,False,False,15741,div6,district4
2019,2019/04/06,907,SCOTTFIELD DR,Major Arterial,43.810782,-79.252879,Intersection,At Intersection,Traffic Signal,Clear,Daylight,Dry,Fatal,Pedestrian Collisions,Pedestrian,85 to 89,Fatal,True,False,True,False,False,False,False,False,False,False,15762,div6,district4
2019,2019/04/06,907,SCOTTFIELD DR,Major Arterial,43.810782,-79.252879,Intersection,At Intersection,Traffic Signal,Clear,Daylight,Dry,Fatal,Pedestrian Collisions,Driver,50 to 54,None,True,False,True,False,False,False,False,False,False,False,15771,div6,district4
2019,2019/05/22,724,KENNEDY RD,Major Arterial,43.801196,-79.296558,Intersection,At Intersection,Traffic Signal,Clear,Daylight,Dry,Non-Fatal Injury,Angle,Motorcycle Driver,20 to 24,Major,False,False,True,True,False,False,False,True,False,False,15786,div6,district4
2019,2019/05/22,724,KENNEDY RD,Major Arterial,43.801196,-79.296558,Intersection,At Intersection,Traffic Signal,Clear,Daylight,Dry,Non-Fatal Injury,Angle,Driver,35 to 39,None,False,False,True,True,False,False,False,True,False,False,15792,div6,district4
2019,2019/02/16,907,WARDEN  AVE,Major Arterial,43.815394,-79.324634,Mid-Block,Non Intersection,No Control,Clear,Daylight,Wet,Fatal,Pedestrian Collisions,Pedestrian,85 to 89,Fatal,True,False,True,False,False,False,False,False,False,False,15826,div6,district4
2019,2019/02/16,907,WARDEN  AVE,Major Arterial,43.815394,-79.324634,Mid-Block,Non Intersection,No Control,Clear,Daylight,Wet,Fatal,Pedestrian Collisions,Driver,50 to 54,None,True,False,True,False,False,False,False,False,False,False,15835,div6,district4
2019,2019/08/25,20,PASSMORE AVE,Collector,43.829867,-79.253429,Intersection,At Intersection,No Control,Clear,Dark,Dry,Non-Fatal Injury,Pedestrian Collisions,Driver,15 to 19,None,True,False,True,False,False,False,False,False,False,False,15880,div6,district4
2018,2018/11/29,1705,KENNEDY RD,Major Arterial,43.816859,-79.304042,Mid-Block,At/Near Private Drive,No Control,Clear,Dusk,Dry,Non-Fatal Injury,Cyclist Collisions,Driver,60 to 64,None,False,True,True,False,False,True,False,False,False,False,15886,div6,district4
2019,2019/08/25,20,PASSMORE AVE,Collector,43.829867,-79.253429,Intersection,At Intersection,No Control,Clear,Dark,Dry,Non-Fatal Injury,Pedestrian Collisions,Pedestrian,35 to 39,Major,True,False,True,False,False,False,False,False,False,False,15889,div6,district4
2018,2018/11/29,1705,KENNEDY RD,Major Arterial,43.816859,-79.304042,Mid-Block,At/Near Private Drive,No Control,Clear,Dusk,Dry,Non-Fatal Injury,Cyclist Collisions,Cyclist,70 to 74,Major,False,True,True,False,False,True,False,False,False,False,15898,div6,district4
2018,2018/10/30,1037,STEELES AVE E,Major Arterial,43.81956,-79.324397,Intersection,At Intersection,Traffic Signal,Clear,Daylight,Dry,Non-Fatal Injury,Cyclist Collisions,Cyclist,80 to 84,Major,False,True,True,False,False,False,False,False,False,False,15902,div6,district4
2018,2018/11/29,1705,KENNEDY RD,Major Arterial,43.816859,-79.304042,Mid-Block,At/Near Private Drive,No Control,Clear,Dusk,Dry,Non-Fatal Injury,Cyclist Collisions,Driver,35 to 39,None,False,True,True,False,False,True,False,False,False,False,15907,div6,district4
2018,2018/10/30,1037,STEELES AVE E,Major Arterial,43.81956,-79.324397,Intersection,At Intersection,Traffic Signal,Clear,Daylight,Dry,Non-Fatal Injury,Cyclist Collisions,Driver,45 to 49,None,False,True,True,False,False,False,False,False,False,False,15911,div6,district4
2019,2019/08/26,2046,TWYN RIVERS DR,Collector,43.813456,-79.156703,Mid-Block,Non Intersection,No Control,Clear,Dark,Dry,Non-Fatal Injury,SMV Other,Motorcycle Driver,45 to 49,Major,False,False,False,True,False,False,False,False,False,False,15931,div6,district4
2019,2019/08/30,2023,SHEPPARD AVE E,Major Arterial,43.777281,-79.313861,Mid-Block,Non Intersection,No Control,Clear,Dark,Dry,Fatal,Pedestrian Collisions,Pedestrian,30 to 34,Fatal,True,False,True,False,False,False,False,False,False,False,15940,div6,district4
2019,2019/02/27,602,2930 FINCH AVE E,Major Arterial,43.793738,-79.328258,Mid-Block,Non Intersection,No Control,Clear,Daylight,Dry,Non-Fatal Injury,Pedestrian Collisions,Driver,65 to 69,None,True,False,True,False,False,True,False,False,False,False,15946,div6,district4
2019,2019/08/30,2023,SHEPPARD AVE E,Major Arterial,43.777281,-79.313861,Mid-Block,Non Intersection,No Control,Clear,Dark,Dry,Fatal,Pedestrian Collisions,Driver,unknown,None,True,False,True,False,False,False,False,False,False,False,15947,div6,district4
2019,2019/02/27,602,2930 FINCH AVE E,Major Arterial,43.793738,-79.328258,Mid-Block,Non Intersection,No Control,Clear,Daylight,Dry,Non-Fatal Injury,Pedestrian Collisions,Passenger,65 to 69,None,True,False,True,False,False,True,False,False,False,False,15954,div6,district4
2019,2019/02/27,602,2930 FINCH AVE E,Major Arterial,43.793738,-79.328258,Mid-Block,Non Intersection,No Control,Clear,Daylight,Dry,Non-Fatal Injury,Pedestrian Collisions,Pedestrian,30 to 34,Major,True,False,True,False,False,True,False,False,False,False,15962,div6,district4
2019,2019/09/02,1802,GARRYBROOK DR,Minor Arterial,43.788966,-79.307216,Intersection,At Intersection,Stop Sign,Clear,Daylight,Dry,Non-Fatal Injury,Cyclist Collisions,Driver,20 to 24,None,False,True,True,False,False,False,False,False,False,False,15993,div6,district4
2019,2019/09/02,1802,GARRYBROOK DR,Minor Arterial,43.788966,-79.307216,Intersection,At Intersection,Stop Sign,Clear,Daylight,Dry,Non-Fatal Injury,Cyclist Collisions,Cyclist,30 to 34,Major,False,True,True,False,False,False,False,False,False,False,15997,div6,district4
2020,2020/09/18,2310,KENNEDY RD,Major Arterial,43.777182,-79.285518,Intersection,At Intersection,Traffic Signal,Clear,"Dark, artificial",Dry,Non-Fatal Injury,Turning Movement,Motorcycle Driver,20 to 24,Major,False,False,True,True,False,False,False,False,False,False,16002,div6,district4
2020,2020/09/20,2058,SEWELLS RD,Local,43.81919,-79.202976,Intersection,Intersection Related,No Control,Clear,"Dark, artificial",Dry,Non-Fatal Injury,Pedestrian Collisions,Driver,40 to 44,None,True,False,True,False,False,False,False,False,False,False,16016,div6,district4
2020,2020/09/20,2058,SEWELLS RD,Local,43.81919,-79.202976,Intersection,Intersection Related,No Control,Clear,"Dark, artificial",Dry,Non-Fatal Injury,Pedestrian Collisions,Pedestrian,20 to 24,Major,True,False,True,False,False,False,False,False,False,False,16017,div6,district4
2020,2020/09/28,1625,2301 BRIMLEY RD,Major Arterial,43.796858,-79.272662,Intersection,At/Near Private Drive,Traffic Signal,Clear,Daylight,Dry,Non-Fatal Injury,Pedestrian Collisions,Driver,70 to 74,None,True,False,True,False,False,False,False,False,False,False,16029,div6,district4
2020,2020/09/28,1625,2301 BRIMLEY RD,Major Arterial,43.796858,-79.272662,Intersection,At/Near Private Drive,Traffic Signal,Clear,Daylight,Dry,Non-Fatal Injury,Pedestrian Collisions,Pedestrian,80 to 84,Major,True,False,True,False,False,False,False,False,False,False,16030,div6,district4
2020,2020/10/12,2250,MCCOWAN RD,Major Arterial,43.815261,-79.270801,Mid-Block,Non Intersection,No Control,Rain,"Dark, artificial",Wet,Property Damage Only,SMV Other,Driver,20 to 24,Major,False,False,True,False,False,False,False,False,False,False,16059,div6,district4
2020,2020/10/12,2250,MCCOWAN RD,Major Arterial,43.815261,-79.270801,Mid-Block,Non Intersection,No Control,Rain,"Dark, artificial",Wet,Property Damage Only,SMV Other,Other,20 to 24,Major,False,False,True,False,False,False,False,False,False,False,16060,div6,district4
2020,2020/10/12,2250,MCCOWAN RD,Major Arterial,43.815261,-79.270801,Mid-Block,Non Intersection,No Control,Rain,"Dark, artificial",Wet,Property Damage Only,SMV Other,Other,25 to 29,Major,False,False,True,False,False,False,False,False,False,False,16061,div6,district4
2020,2020/10/12,2250,MCCOWAN RD,Major Arterial,43.815261,-79.270801,Mid-Block,Non Intersection,No Control,Rain,"Dark, artificial",Wet,Property Damage Only,SMV Other,Other,20 to 24,Major,False,False,True,False,False,False,False,False,False,False,16062,div6,district4
2020,2020/10/21,8,SHEPPARD AVE E,Major Arterial,43.782828,-79.289821,Mid-Block,Non Intersection,No Control,Clear,"Dark, artificial",Dry,Fatal,SMV Other,Driver,50 to 54,Fatal,False,False,True,False,False,False,False,False,False,True,16074,div6,district4
2020,2020/11/10,1430,4168 FINCH AVE E,Major Arterial,43.803054,-79.288875,Intersection,At/Near Private Drive,No Control,Clear,Daylight,Dry,Non-Fatal Injury,Pedestrian Collisions,Driver,70 to 74,None,True,False,True,False,False,False,False,False,False,False,16097,div6,district4
2020,2020/11/10,1430,4168 FINCH AVE E,Major Arterial,43.803054,-79.288875,Intersection,At/Near Private Drive,No Control,Clear,Daylight,Dry,Non-Fatal Injury,Pedestrian Collisions,Pedestrian,50 to 54,Major,True,False,True,False,False,False,False,False,False,False,16098,div6,district4
2020,2020/03/19,1220,MCCOWAN RD,Major Arterial,43.785308,-79.256435,Intersection,At Intersection,Traffic Signal,Clear,Daylight,Dry,Non-Fatal Injury,Sideswipe,Driver,45 to 49,Major,False,False,True,False,True,True,False,False,False,False,16231,div6,district4
2020,2020/03/19,1220,MCCOWAN RD,Major Arterial,43.785308,-79.256435,Intersection,At Intersection,Traffic Signal,Clear,Daylight,Dry,Non-Fatal Injury,Sideswipe,Driver,55 to 59,None,False,False,True,False,True,True,False,False,False,False,16232,div6,district4
2020,2020/03/19,1220,MCCOWAN RD,Major Arterial,43.785308,-79.256435,Intersection,At Intersection,Traffic Signal,Clear,Daylight,Dry,Non-Fatal Injury,Sideswipe,Driver,40 to 44,Minor,False,False,True,False,True,True,False,False,False,False,16233,div6,district4
2020,2020/03/19,1220,MCCOWAN RD,Major Arterial,43.785308,-79.256435,Intersection,At Intersection,Traffic Signal,Clear,Daylight,Dry,Non-Fatal Injury,Sideswipe,Truck Driver,45 to 49,None,False,False,True,False,True,True,False,False,False,False,16234,div6,district4
2020,2020/03/19,1220,MCCOWAN RD,Major Arterial,43.785308,-79.256435,Intersection,At Intersection,Traffic Signal,Clear,Daylight,Dry,Non-Fatal Injury,Sideswipe,Passenger,50 to 54,Minor,False,False,True,False,True,True,False,False,False,False,16235,div6,district4
2020,2020/03/25,2032,KELVIN GROVE AVE,Major Arterial,43.822402,-79.312221,Intersection,At Intersection,Traffic Signal,Clear,"Dark, artificial",Dry,Non-Fatal Injury,Pedestrian Collisions,Driver,40 to 44,None,True,False,True,False,False,False,False,False,False,False,16242,div6,district4
2020,2020/03/25,2032,KELVIN GROVE AVE,Major Arterial,43.822402,-79.312221,Intersection,At Intersection,Traffic Signal,Clear,"Dark, artificial",Dry,Non-Fatal Injury,Pedestrian Collisions,Pedestrian,50 to 54,Major,True,False,True,False,False,False,False,False,False,False,16243,div6,district4
2021,2021/01/29,1225,FINCH AVE E,Major Arterial,43.807955,-79.266467,Intersection,Intersection Related,Traffic Signal,Clear,Daylight,Dry,Non-Fatal Injury,Rear End,Driver,65 to 69,Major,False,False,True,False,False,False,False,False,False,False,16252,div6,district4
2021,2021/01/29,1225,FINCH AVE E,Major Arterial,43.807955,-79.266467,Intersection,Intersection Related,Traffic Signal,Clear,Daylight,Dry,Non-Fatal Injury,Rear End,Driver,50 to 54,None,False,False,True,False,False,False,False,False,False,False,16258,div6,district4
2021,2021/02/01,1735,2550 PICKERING TOWN  LINE,Collector,43.847045,-79.166507,Mid-Block,Non Intersection,No Control,Clear,Dusk,Dry,Non-Fatal Injury,SMV Other,Driver,20 to 24,Major,False,False,True,False,False,False,False,False,True,False,16292,div6,district4
2021,2021/02/04,1747,2330 KENNEDY RD,Major Arterial,43.784159,-79.288745,Mid-Block,Non Intersection,No Control,Clear,Dawn,Dry,Non-Fatal Injury,Pedestrian Collisions,Driver,70 to 74,None,True,False,True,False,False,True,False,False,False,False,16308,div6,district4
2021,2021/02/04,1747,2330 KENNEDY RD,Major Arterial,43.784159,-79.288745,Mid-Block,Non Intersection,No Control,Clear,Dawn,Dry,Non-Fatal Injury,Pedestrian Collisions,Passenger,60 to 64,None,True,False,True,False,False,True,False,False,False,False,16315,div6,district4
2021,2021/02/04,1747,2330 KENNEDY RD,Major Arterial,43.784159,-79.288745,Mid-Block,Non Intersection,No Control,Clear,Dawn,Dry,Non-Fatal Injury,Pedestrian Collisions,Pedestrian,55 to 59,Major,True,False,True,False,False,True,False,False,False,False,16317,div6,district4
2020,2020/11/30,1829,WARDEN AVE,Major Arterial,43.778659,-79.307864,Intersection,At Intersection,Traffic Signal,Rain,"Dark, artificial",Wet,Non-Fatal Injury,Pedestrian Collisions,Driver,45 to 49,None,True,False,True,False,False,False,False,False,False,False,16332,div6,district4
2020,2020/11/30,1829,WARDEN AVE,Major Arterial,43.778659,-79.307864,Intersection,At Intersection,Traffic Signal,Rain,"Dark, artificial",Wet,Non-Fatal Injury,Pedestrian Collisions,Pedestrian,25 to 29,Major,True,False,True,False,False,False,False,False,False,False,16338,div6,district4
2020,2020/08/17,2335,455 FINCHDENE SQ,Local,43.816489,-79.236324,Mid-Block,Non Intersection,No Control,Clear,Dark,Dry,Non-Fatal Injury,SMV Other,Motorcycle Driver,35 to 39,Major,False,False,False,True,False,False,False,False,False,False,16350,div6,district4
2020,2020/07/02,1255,PHARMACY AVE,Minor Arterial,43.781603,-79.320125,Intersection,At Intersection,Traffic Signal,Clear,Daylight,Dry,Non-Fatal Injury,Angle,Driver,40 to 44,None,False,False,True,False,False,True,False,True,False,False,16362,div6,district4
2020,2020/12/05,1716,2255 MARKHAM RD,Major Arterial,43.809523,-79.243236,Mid-Block,Non Intersection,No Control,Clear,"Dusk, artificial",Dry,Fatal,Pedestrian Collisions,Pedestrian,35 to 39,Fatal,True,False,False,False,True,False,False,False,False,False,16366,div6,district4
2020,2020/12/05,1716,2255 MARKHAM RD,Major Arterial,43.809523,-79.243236,Mid-Block,Non Intersection,No Control,Clear,"Dusk, artificial",Dry,Fatal,Pedestrian Collisions,Truck Driver,45 to 49,None,True,False,False,False,True,False,False,False,False,False,16367,div6,district4
2020,2020/12/08,856,STEELES AVE E,Major Arterial,43.822402,-79.312221,Intersection,At Intersection,Traffic Signal,Clear,Daylight,Dry,Non-Fatal Injury,Pedestrian Collisions,Driver,50 to 54,None,True,False,True,False,False,False,False,False,False,False,16368,div6,district4
2020,2020/12/08,856,STEELES AVE E,Major Arterial,43.822402,-79.312221,Intersection,At Intersection,Traffic Signal,Clear,Daylight,Dry,Non-Fatal Injury,Pedestrian Collisions,Pedestrian,55 to 59,Major,True,False,True,False,False,False,False,False,False,False,16369,div6,district4
2020,2020/12/30,1721,KENNEDY RD,Major Arterial,43.783213,-79.288211,Intersection,Intersection Related,Traffic Signal,Rain,"Dark, artificial",Wet,Fatal,Pedestrian Collisions,Driver,35 to 39,None,True,False,True,False,False,False,False,False,False,False,16406,div6,district4
2020,2020/12/30,1721,KENNEDY RD,Major Arterial,43.783213,-79.288211,Intersection,Intersection Related,Traffic Signal,Rain,"Dark, artificial",Wet,Fatal,Pedestrian Collisions,Pedestrian,55 to 59,Fatal,True,False,True,False,False,False,False,False,False,False,16407,div6,district4
2021,2021/01/13,1258,MCLEVIN AVE,Minor Arterial,43.798731,-79.239833,Mid-Block,Non Intersection,No Control,Clear,Daylight,Wet,Non-Fatal Injury,SMV Other,Driver,20 to 24,Major,False,False,True,False,False,False,True,False,False,False,16423,div6,district4
2020,2020/07/02,1255,PHARMACY AVE,Minor Arterial,43.781603,-79.320125,Intersection,At Intersection,Traffic Signal,Clear,Daylight,Dry,Non-Fatal Injury,Angle,Driver,55 to 59,Minimal,False,False,True,False,False,True,False,True,False,False,16441,div6,district4
2020,2020/07/02,1255,PHARMACY AVE,Minor Arterial,43.781603,-79.320125,Intersection,At Intersection,Traffic Signal,Clear,Daylight,Dry,Non-Fatal Injury,Angle,Passenger,35 to 39,None,False,False,True,False,False,True,False,True,False,False,16446,div6,district4
2020,2020/07/02,1255,PHARMACY AVE,Minor Arterial,43.781603,-79.320125,Intersection,At Intersection,Traffic Signal,Clear,Daylight,Dry,Non-Fatal Injury,Angle,Passenger,35 to 39,Major,False,False,True,False,False,True,False,True,False,False,16453,div6,district4
2020,2020/07/02,1255,PHARMACY AVE,Minor Arterial,43.781603,-79.320125,Intersection,At Intersection,Traffic Signal,Clear,Daylight,Dry,Non-Fatal Injury,Angle,Passenger,80 to 84,Minor,False,False,True,False,False,True,False,True,False,False,16459,div6,district4
2020,2020/07/02,1255,PHARMACY AVE,Minor Arterial,43.781603,-79.320125,Intersection,At Intersection,Traffic Signal,Clear,Daylight,Dry,Non-Fatal Injury,Angle,Passenger,85 to 89,Minimal,False,False,True,False,False,True,False,True,False,False,16468,div6,district4
2020,2020/07/02,1255,PHARMACY AVE,Minor Arterial,43.781603,-79.320125,Intersection,At Intersection,Traffic Signal,Clear,Daylight,Dry,Non-Fatal Injury,Angle,Passenger,0 to 4,Minimal,False,False,True,False,False,True,False,True,False,False,16474,div6,district4
2019,2019/11/21,1340,MCCOWAN RD,Major Arterial,43.811545,-79.269183,Intersection,At Intersection,Traffic Signal,Clear,Daylight,Wet,Fatal,Cyclist Collisions,Cyclist,65 to 69,Fatal,False,True,True,False,False,False,False,False,False,False,16498,div6,district4
2019,2019/11/21,1340,MCCOWAN RD,Major Arterial,43.811545,-79.269183,Intersection,At Intersection,Traffic Signal,Clear,Daylight,Wet,Fatal,Cyclist Collisions,Driver,80 to 84,None,False,True,True,False,False,False,False,False,False,False,16505,div6,district4
2019,2019/10/22,1756,MIDLAND  AVE,Major Arterial,43.818503,-79.294002,Mid-Block,Non Intersection,No Control,Clear,Daylight,Dry,Non-Fatal Injury,Pedestrian Collisions,Driver,60 to 64,None,True,False,True,False,False,False,False,False,False,False,16573,div6,district4
2019,2019/10/22,1756,MIDLAND  AVE,Major Arterial,43.818503,-79.294002,Mid-Block,Non Intersection,No Control,Clear,Daylight,Dry,Non-Fatal Injury,Pedestrian Collisions,Pedestrian,80 to 84,Major,True,False,True,False,False,False,False,False,False,False,16581,div6,district4
2021,2021/03/16,1734,KENNEDY RD,Major Arterial,43.802069,-79.297336,Mid-Block,Non Intersection,No Control,Clear,Daylight,Dry,Non-Fatal Injury,Approaching,Driver,15 to 19,Minor,False,False,True,False,False,True,True,False,False,False,16692,div6,district4
2020,2020/01/14,1812,MCLEVIN AVE,Minor Arterial,43.80511,-79.22665,Intersection,At Intersection,Traffic Signal,Rain,Dark,Wet,Non-Fatal Injury,Pedestrian Collisions,Driver,25 to 29,None,True,False,True,False,False,False,False,False,False,False,16694,div6,district4
2021,2021/03/16,1734,KENNEDY RD,Major Arterial,43.802069,-79.297336,Mid-Block,Non Intersection,No Control,Clear,Daylight,Dry,Non-Fatal Injury,Approaching,Driver,70 to 74,Minor,False,False,True,False,False,True,True,False,False,False,16699,div6,district4
2020,2020/01/14,1812,MCLEVIN AVE,Minor Arterial,43.80511,-79.22665,Intersection,At Intersection,Traffic Signal,Rain,Dark,Wet,Non-Fatal Injury,Pedestrian Collisions,Pedestrian,30 to 34,Major,True,False,True,False,False,False,False,False,False,False,16701,div6,district4
2021,2021/03/16,1734,KENNEDY RD,Major Arterial,43.802069,-79.297336,Mid-Block,Non Intersection,No Control,Clear,Daylight,Dry,Non-Fatal Injury,Approaching,Passenger,15 to 19,Major,False,False,True,False,False,True,True,False,False,False,16705,div6,district4
2020,2020/09/04,1543,BIRCHMOUNT RD,Major Arterial,43.77888,-79.297031,Intersection,At Intersection,No Control,Clear,Daylight,Dry,Fatal,Turning Movement,Driver,25 to 29,Minor,False,False,True,True,False,False,True,False,False,False,16712,div6,district4
2020,2020/09/04,1543,BIRCHMOUNT RD,Major Arterial,43.77888,-79.297031,Intersection,At Intersection,No Control,Clear,Daylight,Dry,Fatal,Turning Movement,Motorcycle Driver,30 to 34,Fatal,False,False,True,True,False,False,True,False,False,False,16721,div6,district4
2020,2020/05/12,2109,TAPSCOTT RD,Minor Arterial,43.807952,-79.234142,Intersection,At Intersection,No Control,Clear,"Dark, artificial",Dry,Fatal,SMV Other,Motorcycle Driver,30 to 34,Fatal,False,False,False,True,False,False,False,False,False,False,16744,div6,district4
2019,2019/10/30,2006,MCNICOLL AVE,Major Arterial,43.81787,-79.271938,Intersection,At Intersection,Traffic Signal,Rain,"Dark, artificial",Wet,Non-Fatal Injury,Pedestrian Collisions,Driver,35 to 39,None,True,False,True,False,False,True,False,False,False,False,16764,div6,district4
2019,2019/12/03,1030,MARKHAM  RD,Major Arterial,43.812899,-79.243037,Intersection,Intersection Related,Traffic Signal,Clear,Daylight,Wet,Non-Fatal Injury,Pedestrian Collisions,Driver,55 to 59,None,True,False,True,False,False,False,False,False,False,False,16765,div6,district4
2019,2019/10/30,2006,MCNICOLL AVE,Major Arterial,43.81787,-79.271938,Intersection,At Intersection,Traffic Signal,Rain,"Dark, artificial",Wet,Non-Fatal Injury,Pedestrian Collisions,Pedestrian,75 to 79,Major,True,False,True,False,False,True,False,False,False,False,16772,div6,district4
2020,2020/07/28,845,MIDLAND  AVE,Major Arterial,43.820635,-79.294894,Intersection,At Intersection,Traffic Signal,Clear,Daylight,Dry,Non-Fatal Injury,Pedestrian Collisions,Driver,55 to 59,None,True,False,True,False,False,False,False,False,False,False,16773,div6,district4
2019,2019/12/03,1030,MARKHAM  RD,Major Arterial,43.812899,-79.243037,Intersection,Intersection Related,Traffic Signal,Clear,Daylight,Wet,Non-Fatal Injury,Pedestrian Collisions,Pedestrian,70 to 74,Major,True,False,True,False,False,False,False,False,False,False,16778,div6,district4
2019,2019/10/30,2006,MCNICOLL AVE,Major Arterial,43.81787,-79.271938,Intersection,At Intersection,Traffic Signal,Rain,"Dark, artificial",Wet,Non-Fatal Injury,Pedestrian Collisions,Passenger,5 to 9,None,True,False,True,False,False,True,False,False,False,False,16779,div6,district4
2020,2020/07/28,845,MIDLAND  AVE,Major Arterial,43.820635,-79.294894,Intersection,At Intersection,Traffic Signal,Clear,Daylight,Dry,Non-Fatal Injury,Pedestrian Collisions,Pedestrian,60 to 64,Major,True,False,True,False,False,False,False,False,False,False,16781,div6,district4
2021,2021/03/25,2300,VICTORIA PARK AVE,Major Arterial,43.808455,-79.338275,Mid-Block,At/Near Private Drive,No Control,Rain,"Dark, artificial",Wet,Fatal,Pedestrian Collisions,Pedestrian,30 to 34,Fatal,True,False,True,False,False,False,False,False,False,False,16848,div6,district4
2021,2021/03/25,2300,VICTORIA PARK AVE,Major Arterial,43.808455,-79.338275,Mid-Block,At/Near Private Drive,No Control,Rain,"Dark, artificial",Wet,Fatal,Pedestrian Collisions,Driver,45 to 49,None,True,False,True,False,False,False,False,False,False,False,16862,div6,district4