YEAR,DATE,TIME,STREET1,ROAD_CLASS,LATITUDE,LONGITUDE,LOCCOORD,ACCLOC,TRAFFCTL,VISIBILITY,LIGHT,RDSFCOND,ACCLASS,IMPACTYPE,INVTYPE,INVAGE,INJURY,PEDESTRIAN,CYCLIST,AUTOMOBILE,MOTORCYCLE,TRUCK,PASSENGER,SPEEDING,REDLIGHT,ALCOHOL,DISABILITY,Record_ID,division_id,district_id
2018,2018/07/30,1427,WARDEN AVE,Major Arterial,43.716109,-79.282733,Intersection,At Intersection,Traffic Signal,Clear,Daylight,Dry,Fatal,Pedestrian Collisions,Pedestrian,65 to 69,Fatal,True,False,True,False,False,False,False,False,False,False,14664,div9,district4
2018,2018/02/21,1838,37 WILLIAM KITCHEN RD,Collector,43.773322,-79.282741,Mid-Block,Non Intersection,No Control,Clear,"Dark, artificial",Dry,Fatal,Pedestrian Collisions,Pedestrian,40 to 44,Fatal,True,False,False,False,True,False,False,False,False,False,14684,div9,district4
2018,2018/02/21,1838,37 WILLIAM KITCHEN RD,Collector,43.773322,-79.282741,Mid-Block,Non Intersection,No Control,Clear,"Dark, artificial",Dry,Fatal,Pedestrian Collisions,Truck Driver,30 to 34,None,True,False,False,False,True,False,False,False,False,False,14690,div9,district4
2017,2017/10/23,833,ELLESMERE RD,Major Arterial,43.758959,-79.310153,Intersection,At Intersection,Traffic Signal,Clear,Daylight,Dry,Non-Fatal Injury,Pedestrian Collisions,Pedestrian,60 to 64,Major,True,False,True,False,False,False,True,False,False,False,14727,div9,district4
2017,2017/10/23,833,ELLESMERE RD,Major Arterial,43.758959,-79.310153,Intersection,At Intersection,Traffic Signal,Clear,Daylight,Dry,Non-Fatal Injury,Pedestrian Collisions,Driver,70 to 74,None,True,False,True,False,False,False,True,False,False,False,14729,div9,district4
2017,2017/10/23,833,ELLESMERE RD,Major Arterial,43.758959,-79.310153,Intersection,At Intersection,Traffic Signal,Clear,Daylight,Dry,Non-Fatal Injury,Pedestrian Collisions,Driver,25 to 29,None,True,False,True,False,False,False,True,False,False,False,14735,div9,district4
2017,2017/10/23,833,ELLESMERE RD,Major Arterial,43.758959,-79.310153,Intersection,At Intersection,Traffic Signal,Clear,Daylight,Dry,Non-Fatal Injury,Pedestrian Collisions,Driver,20 to 24,None,True,False,True,False,False,False,True,False,False,False,14736,div9,district4
2018,2018/08/06,914,CLAREMORE AVE,Local,43.706175,-79.254787,Intersection,At Intersection,Stop Sign,Clear,Daylight,Dry,Fatal,Pedestrian Collisions,Driver,65 to 69,None,True,False,True,False,False,False,False,False,False,False,14775,div9,district4
2017,2017/10/30,1423,KENNEDY RD,Major Arterial,43.762652,-79.279971,Mid-Block,At/Near Private Drive,No Control,Clear,Daylight,Dry,Non-Fatal Injury,Pedestrian Collisions,Driver,55 to 59,None,True,False,True,False,False,False,False,False,False,False,14777,div9,district4
2017,2017/10/30,1423,KENNEDY RD,Major Arterial,43.762652,-79.279971,Mid-Block,At/Near Private Drive,No Control,Clear,Daylight,Dry,Non-Fatal Injury,Pedestrian Collisions,Pedestrian,55 to 59,Major,True,False,True,False,False,False,False,False,False,False,14779,div9,district4
2018,2018/08/06,914,CLAREMORE AVE,Local,43.706175,-79.254787,Intersection,At Intersection,Stop Sign,Clear,Daylight,Dry,Fatal,Pedestrian Collisions,Wheelchair,80 to 84,Fatal,True,False,True,False,False,False,False,False,False,False,14783,div9,district4
2018,2018/05/23,2325,KINGSTON RD,Major Arterial,43.702361,-79.254146,Mid-Block,Non Intersection,No Control,Clear,"Dark, artificial",Dry,Non-Fatal Injury,SMV Other,Motorcycle Driver,25 to 29,Major,False,False,False,True,False,False,False,False,False,False,14796,div9,district4
2017,2017/11/03,1202,PROGRESS AVE,Major Arterial,43.772895,-79.272945,Intersection,At Intersection,Traffic Signal,Clear,Daylight,Dry,Non-Fatal Injury,Pedestrian Collisions,Pedestrian,30 to 34,Major,True,False,True,False,False,False,False,False,False,False,14908,div9,district4
2017,2017/11/03,1202,PROGRESS AVE,Major Arterial,43.772895,-79.272945,Intersection,At Intersection,Traffic Signal,Clear,Daylight,Dry,Non-Fatal Injury,Pedestrian Collisions,Driver,55 to 59,None,True,False,True,False,False,False,False,False,False,False,14915,div9,district4
2018,2018/09/21,2227,2265 MIDLAND AVE,Major Arterial,43.775595,-79.274074,Mid-Block,Non Intersection,No Control,Clear,Dark,Dry,Non-Fatal Injury,Pedestrian Collisions,Driver,unknown,None,True,False,True,False,False,False,False,False,False,False,14919,div9,district4
2018,2018/09/21,2227,2265 MIDLAND AVE,Major Arterial,43.775595,-79.274074,Mid-Block,Non Intersection,No Control,Clear,Dark,Dry,Non-Fatal Injury,Pedestrian Collisions,Pedestrian,20 to 24,Major,True,False,True,False,False,False,False,False,False,False,14920,div9,district4
2018,2018/09/26,709,ST CLAIR AVE E,Minor Arterial,43.719565,-79.247051,Intersection,At Intersection,Traffic Signal,Clear,Daylight,Dry,Fatal,Pedestrian Collisions,Pedestrian,60 to 64,Fatal,True,False,True,False,False,False,False,True,False,False,14981,div9,district4
2018,2018/09/26,709,ST CLAIR AVE E,Minor Arterial,43.719565,-79.247051,Intersection,At Intersection,Traffic Signal,Clear,Daylight,Dry,Fatal,Pedestrian Collisions,Driver,unknown,None,True,False,True,False,False,False,False,True,False,False,14982,div9,district4
2019,2019/09/17,2000,LAWRENCE AVE E,Major Arterial,43.745886,-79.291835,Intersection,Intersection Related,Stop Sign,Clear,Daylight,Dry,Fatal,Pedestrian Collisions,Driver,55 to 59,Minimal,True,False,True,False,False,False,False,False,False,False,15068,div9,district4
2019,2019/09/17,2000,LAWRENCE AVE E,Major Arterial,43.745886,-79.291835,Intersection,Intersection Related,Stop Sign,Clear,Daylight,Dry,Fatal,Pedestrian Collisions,Pedestrian,55 to 59,Fatal,True,False,True,False,False,False,False,False,False,False,15069,div9,district4
2019,2019/09/24,2046,DANFORTH AVE,Major Arterial,43.692488,-79.282268,Intersection,At Intersection,No Control,Clear,"Dark, artificial",Dry,Fatal,Pedestrian Collisions,Pedestrian,65 to 69,Fatal,True,False,True,False,False,False,False,False,False,False,15078,div9,district4
2019,2019/09/24,2046,DANFORTH AVE,Major Arterial,43.692488,-79.282268,Intersection,At Intersection,No Control,Clear,"Dark, artificial",Dry,Fatal,Pedestrian Collisions,Driver,40 to 44,None,True,False,True,False,False,False,False,False,False,False,15079,div9,district4
2019,2019/09/28,2015,KENNEDY RD,Major Arterial,43.716452,-79.261302,Intersection,At Intersection,Traffic Signal,Clear,"Dark, artificial",Dry,Fatal,Angle,Passenger,40 to 44,None,False,False,True,False,False,True,False,True,False,False,15088,div9,district4
2019,2019/09/28,2015,KENNEDY RD,Major Arterial,43.716452,-79.261302,Intersection,At Intersection,Traffic Signal,Clear,"Dark, artificial",Dry,Fatal,Angle,Driver,65 to 69,Fatal,False,False,True,False,False,True,False,True,False,False,15089,div9,district4
2019,2019/09/28,2015,KENNEDY RD,Major Arterial,43.716452,-79.261302,Intersection,At Intersection,Traffic Signal,Clear,"Dark, artificial",Dry,Fatal,Angle,Passenger,60 to 64,Minor,False,False,True,False,False,True,False,True,False,False,15090,div9,district4
2019,2019/09/28,2015,KENNEDY RD,Major Arterial,43.716452,-79.261302,Intersection,At Intersection,Traffic Signal,Clear,"Dark, artificial",Dry,Fatal,Angle,Driver,35 to 39,None,False,False,True,False,False,True,False,True,False,False,15091,div9,district4
2019,2019/09/28,2015,KENNEDY RD,Major Arterial,43.716452,-79.261302,Intersection,At Intersection,Traffic Signal,Clear,"Dark, artificial",Dry,Fatal,Angle,Passenger,5 to 9,Minor,False,False,True,False,False,True,False,True,False,False,15092,div9,district4
2019,2019/08/03,917,WARDEN AVE,Major Arterial,43.763796,-79.301395,Intersection,At Intersection,No Control,Clear,Daylight,Dry,Fatal,SMV Other,Driver,55 to 59,Fatal,False,False,True,False,False,False,False,False,False,False,15112,div9,district4
2019,2019/03/05,1640,KINGSTON RD,Major Arterial,43.706267,-79.251254,Intersection,At Intersection,Traffic Signal,Clear,Daylight,Dry,Non-Fatal Injury,Pedestrian Collisions,Driver,20 to 24,None,True,False,True,False,False,False,False,False,False,False,15115,div9,district4
2019,2019/03/05,1640,KINGSTON RD,Major Arterial,43.706267,-79.251254,Intersection,At Intersection,Traffic Signal,Clear,Daylight,Dry,Non-Fatal Injury,Pedestrian Collisions,Pedestrian,15 to 19,Major,True,False,True,False,False,False,False,False,False,False,15122,div9,district4
2018,2018/09/28,806,EGLINTON AVE E,Major Arterial,43.730773,-79.273853,Intersection,At Intersection,Traffic Signal,Clear,Daylight,Dry,Non-Fatal Injury,Pedestrian Collisions,Driver,unknown,None,True,False,True,False,False,False,False,False,False,False,15126,div9,district4
2018,2018/09/28,806,EGLINTON AVE E,Major Arterial,43.730773,-79.273853,Intersection,At Intersection,Traffic Signal,Clear,Daylight,Dry,Non-Fatal Injury,Pedestrian Collisions,Pedestrian,25 to 29,Major,True,False,True,False,False,False,False,False,False,False,15134,div9,district4
2019,2019/07/04,910,PHARMACY AVE,Major Arterial,43.74317,-79.304607,Intersection,At Intersection,Traffic Signal,Clear,Daylight,Dry,Non-Fatal Injury,Turning Movement,Driver,60 to 64,None,False,False,False,True,False,False,False,False,False,False,15151,div9,district4
2019,2019/07/04,910,PHARMACY AVE,Major Arterial,43.74317,-79.304607,Intersection,At Intersection,Traffic Signal,Clear,Daylight,Dry,Non-Fatal Injury,Turning Movement,Motorcycle Driver,55 to 59,Major,False,False,False,True,False,False,False,False,False,False,15167,div9,district4
2019,2019/03/12,44,DANFORTH AVE,Major Arterial,43.692969,-79.280025,Intersection,At Intersection,Traffic Signal,Clear,Dark,Dry,Non-Fatal Injury,Approaching,Driver,35 to 39,Minor,False,False,True,False,False,True,False,False,False,False,15189,div9,district4
2019,2019/03/12,44,DANFORTH AVE,Major Arterial,43.692969,-79.280025,Intersection,At Intersection,Traffic Signal,Clear,Dark,Dry,Non-Fatal Injury,Approaching,Driver,45 to 49,Minor,False,False,True,False,False,True,False,False,False,False,15194,div9,district4
2019,2019/03/12,44,DANFORTH AVE,Major Arterial,43.692969,-79.280025,Intersection,At Intersection,Traffic Signal,Clear,Dark,Dry,Non-Fatal Injury,Approaching,Passenger,35 to 39,Major,False,False,True,False,False,True,False,False,False,False,15204,div9,district4
2018,2018/12/01,1555,BIRCHMOUNT RD,Minor Arterial,43.721755,-79.274471,Intersection,At Intersection,Traffic Signal,Clear,Daylight,Dry,Non-Fatal Injury,Turning Movement,Driver,15 to 19,Major,False,False,True,False,False,True,True,False,False,False,15230,div9,district4
2018,2018/12/01,1555,BIRCHMOUNT RD,Minor Arterial,43.721755,-79.274471,Intersection,At Intersection,Traffic Signal,Clear,Daylight,Dry,Non-Fatal Injury,Turning Movement,Driver,70 to 74,Minimal,False,False,True,False,False,True,True,False,False,False,15240,div9,district4
2018,2018/12/01,1555,BIRCHMOUNT RD,Minor Arterial,43.721755,-79.274471,Intersection,At Intersection,Traffic Signal,Clear,Daylight,Dry,Non-Fatal Injury,Turning Movement,Passenger,15 to 19,Major,False,False,True,False,False,True,True,False,False,False,15249,div9,district4
2018,2018/12/01,1555,BIRCHMOUNT RD,Minor Arterial,43.721755,-79.274471,Intersection,At Intersection,Traffic Signal,Clear,Daylight,Dry,Non-Fatal Injury,Turning Movement,Passenger,15 to 19,Minor,False,False,True,False,False,True,True,False,False,False,15258,div9,district4
2018,2018/12/01,1555,BIRCHMOUNT RD,Minor Arterial,43.721755,-79.274471,Intersection,At Intersection,Traffic Signal,Clear,Daylight,Dry,Non-Fatal Injury,Turning Movement,Passenger,55 to 59,Major,False,False,True,False,False,True,True,False,False,False,15267,div9,district4
2018,2018/12/04,1932,MIDLAND AVE,Major Arterial,43.758383,-79.267612,Mid-Block,Non Intersection,No Control,Clear,Dark,Dry,Fatal,Pedestrian Collisions,Driver,50 to 54,None,True,False,True,False,False,False,False,False,False,False,15276,div9,district4
2018,2018/12/04,1932,MIDLAND AVE,Major Arterial,43.758383,-79.267612,Mid-Block,Non Intersection,No Control,Clear,Dark,Dry,Fatal,Pedestrian Collisions,Pedestrian,55 to 59,Fatal,True,False,True,False,False,False,False,False,False,False,15285,div9,district4
2019,2019/01/17,1900,DANFORTH RD,Minor Arterial,43.694689,-79.27637,Intersection,At Intersection,No Control,Clear,"Dark, artificial",Dry,Non-Fatal Injury,Pedestrian Collisions,Driver,unknown,None,True,False,True,False,False,False,False,False,False,False,15303,div9,district4
2019,2019/01/17,1900,DANFORTH RD,Minor Arterial,43.694689,-79.27637,Intersection,At Intersection,No Control,Clear,"Dark, artificial",Dry,Non-Fatal Injury,Pedestrian Collisions,Pedestrian,65 to 69,Major,True,False,True,False,False,False,False,False,False,False,15311,div9,district4
2019,2019/08/05,2220,VICTORIA PARK AVE,Major Arterial,43.747023,-79.311496,Mid-Block,Non Intersection,No Control,Clear,"Dark, artificial",Dry,Non-Fatal Injury,Rear End,Motorcycle Driver,20 to 24,Major,False,False,True,True,False,False,True,False,False,False,15313,div9,district4
2019,2019/08/05,2220,VICTORIA PARK AVE,Major Arterial,43.747023,-79.311496,Mid-Block,Non Intersection,No Control,Clear,"Dark, artificial",Dry,Non-Fatal Injury,Rear End,Driver,25 to 29,None,False,False,True,True,False,False,True,False,False,False,15316,div9,district4
2019,2019/07/14,1309,LAWRENCE AVE E,Major Arterial,43.742572,-79.307369,Intersection,Intersection Related,No Control,Clear,Daylight,Dry,Non-Fatal Injury,Sideswipe,Motorcycle Driver,25 to 29,Major,False,False,True,True,False,True,True,False,False,False,15336,div9,district4
2018,2018/12/07,1520,1750 MIDLAND AVE,Major Arterial,43.761187,-79.268703,Mid-Block,Non Intersection,No Control,Clear,Daylight,Dry,Non-Fatal Injury,Rear End,Driver,45 to 49,Major,False,False,True,False,False,True,False,False,False,False,15342,div9,district4
2019,2019/07/14,1309,LAWRENCE AVE E,Major Arterial,43.742572,-79.307369,Intersection,Intersection Related,No Control,Clear,Daylight,Dry,Non-Fatal Injury,Sideswipe,Driver,40 to 44,None,False,False,True,True,False,True,True,False,False,False,15343,div9,district4
2018,2018/11/09,650,ELLESMERE RD,Major Arterial,43.763205,-79.291911,Mid-Block,Non Intersection,No Control,Clear,"Dawn, artificial",Dry,Fatal,Pedestrian Collisions,Driver,unknown,None,True,False,True,False,False,False,False,False,False,False,15344,div9,district4
2018,2018/11/09,650,ELLESMERE RD,Major Arterial,43.763205,-79.291911,Mid-Block,Non Intersection,No Control,Clear,"Dawn, artificial",Dry,Fatal,Pedestrian Collisions,Pedestrian,30 to 34,Major,True,False,True,False,False,False,False,False,False,False,15350,div9,district4
2019,2019/07/14,1309,LAWRENCE AVE E,Major Arterial,43.742572,-79.307369,Intersection,Intersection Related,No Control,Clear,Daylight,Dry,Non-Fatal Injury,Sideswipe,Passenger,35 to 39,None,False,False,True,True,False,True,True,False,False,False,15351,div9,district4
2018,2018/11/09,650,ELLESMERE RD,Major Arterial,43.763205,-79.291911,Mid-Block,Non Intersection,No Control,Clear,"Dawn, artificial",Dry,Fatal,Pedestrian Collisions,Driver,45 to 49,Minor,True,False,True,False,False,False,False,False,False,False,15352,div9,district4
2018,2018/12/07,1520,1750 MIDLAND AVE,Major Arterial,43.761187,-79.268703,Mid-Block,Non Intersection,No Control,Clear,Daylight,Dry,Non-Fatal Injury,Rear End,Driver,40 to 44,None,False,False,True,False,False,True,False,False,False,False,15354,div9,district4
2018,2018/10/06,635,VICTORIA PARK AVE,Major Arterial,43.696479,-79.290447,Intersection,At Intersection,Traffic Signal,Rain,"Dawn, artificial",Wet,Non-Fatal Injury,Pedestrian Collisions,Driver,70 to 74,None,True,False,True,False,False,False,False,False,False,False,15360,div9,district4
2018,2018/11/09,650,ELLESMERE RD,Major Arterial,43.763205,-79.291911,Mid-Block,Non Intersection,No Control,Clear,"Dawn, artificial",Dry,Fatal,Pedestrian Collisions,Pedestrian,55 to 59,Fatal,True,False,True,False,False,False,False,False,False,False,15361,div9,district4
2018,2018/10/06,635,VICTORIA PARK AVE,Major Arterial,43.696479,-79.290447,Intersection,At Intersection,Traffic Signal,Rain,"Dawn, artificial",Wet,Non-Fatal Injury,Pedestrian Collisions,Pedestrian,25 to 29,Major,True,False,True,False,False,False,False,False,False,False,15362,div9,district4
2019,2019/07/14,1309,LAWRENCE AVE E,Major Arterial,43.742572,-79.307369,Intersection,Intersection Related,No Control,Clear,Daylight,Dry,Non-Fatal Injury,Sideswipe,Passenger,70 to 74,None,False,False,True,True,False,True,True,False,False,False,15364,div9,district4
2018,2018/12/07,1520,1750 MIDLAND AVE,Major Arterial,43.761187,-79.268703,Mid-Block,Non Intersection,No Control,Clear,Daylight,Dry,Non-Fatal Injury,Rear End,Driver,30 to 34,Minimal,False,False,True,False,False,True,False,False,False,False,15366,div9,district4
2018,2018/12/07,1520,1750 MIDLAND AVE,Major Arterial,43.761187,-79.268703,Mid-Block,Non Intersection,No Control,Clear,Daylight,Dry,Non-Fatal Injury,Rear End,Passenger,40 to 44,Minimal,False,False,True,False,False,True,False,False,False,False,15373,div9,district4
2019,2019/07/14,1309,LAWRENCE AVE E,Major Arterial,43.742572,-79.307369,Intersection,Intersection Related,No Control,Clear,Daylight,Dry,Non-Fatal Injury,Sideswipe,Passenger,0 to 4,None,False,False,True,True,False,True,True,False,False,False,15375,div9,district4
2019,2019/07/14,1309,LAWRENCE AVE E,Major Arterial,43.742572,-79.307369,Intersection,Intersection Related,No Control,Clear,Daylight,Dry,Non-Fatal Injury,Sideswipe,Passenger,0 to 4,None,False,False,True,True,False,True,True,False,False,False,15381,div9,district4
2018,2018/12/07,1520,1750 MIDLAND AVE,Major Arterial,43.761187,-79.268703,Mid-Block,Non Intersection,No Control,Clear,Daylight,Dry,Non-Fatal Injury,Rear End,Passenger,10 to 14,None,False,False,True,False,False,True,False,False,False,False,15382,div9,district4
2018,2018/12/07,1520,1750 MIDLAND AVE,Major Arterial,43.761187,-79.268703,Mid-Block,Non Intersection,No Control,Clear,Daylight,Dry,Non-Fatal Injury,Rear End,Passenger,10 to 14,None,False,False,True,False,False,True,False,False,False,False,15392,div9,district4
2019,2019/06/11,1305,ST CLAIR AVE E,Major Arterial,43.715186,-79.266704,Intersection,At Intersection,No Control,Clear,Daylight,Dry,Non-Fatal Injury,Pedestrian Collisions,Driver,55 to 59,None,True,False,True,False,False,True,False,False,False,False,15406,div9,district4
2019,2019/05/01,1634,FAIRFAX CRES,Major Arterial,43.716109,-79.282733,Intersection,At Intersection,Traffic Signal,Rain,Daylight,Wet,Non-Fatal Injury,Pedestrian Collisions,Driver,55 to 59,None,True,False,True,False,False,False,False,False,False,False,15408,div9,district4
2019,2019/06/11,1305,ST CLAIR AVE E,Major Arterial,43.715186,-79.266704,Intersection,At Intersection,No Control,Clear,Daylight,Dry,Non-Fatal Injury,Pedestrian Collisions,Passenger,55 to 59,None,True,False,True,False,False,True,False,False,False,False,15416,div9,district4
2019,2019/05/01,1634,FAIRFAX CRES,Major Arterial,43.716109,-79.282733,Intersection,At Intersection,Traffic Signal,Rain,Daylight,Wet,Non-Fatal Injury,Pedestrian Collisions,Pedestrian,15 to 19,Major,True,False,True,False,False,False,False,False,False,False,15418,div9,district4
2019,2019/06/11,1305,ST CLAIR AVE E,Major Arterial,43.715186,-79.266704,Intersection,At Intersection,No Control,Clear,Daylight,Dry,Non-Fatal Injury,Pedestrian Collisions,Pedestrian,20 to 24,Major,True,False,True,False,False,True,False,False,False,False,15425,div9,district4
2019,2019/02/02,2326,945 MIDLAND AVE,Major Arterial,43.737002,-79.259242,Mid-Block,Non Intersection,No Control,Snow,"Dark, artificial",Wet,Non-Fatal Injury,Approaching,Driver,40 to 44,Major,False,False,True,False,False,False,False,False,True,False,15535,div9,district4
2019,2019/07/20,2215,PHARMACY AVE,Major Arterial,43.725577,-79.297481,Intersection,At Intersection,Traffic Signal,Rain,"Dark, artificial",Wet,Non-Fatal Injury,Pedestrian Collisions,Driver,55 to 59,None,True,False,True,False,False,True,False,False,False,False,15538,div9,district4
2019,2019/02/02,2326,945 MIDLAND AVE,Major Arterial,43.737002,-79.259242,Mid-Block,Non Intersection,No Control,Snow,"Dark, artificial",Wet,Non-Fatal Injury,Approaching,Driver,30 to 34,Minor,False,False,True,False,False,False,False,False,True,False,15545,div9,district4
2019,2019/07/20,2215,PHARMACY AVE,Major Arterial,43.725577,-79.297481,Intersection,At Intersection,Traffic Signal,Rain,"Dark, artificial",Wet,Non-Fatal Injury,Pedestrian Collisions,Passenger,40 to 44,None,True,False,True,False,False,True,False,False,False,False,15547,div9,district4
2019,2019/02/03,255,KINGSTON RD,Major Arterial,43.683486,-79.276981,Intersection,Intersection Related,No Control,Rain,"Dark, artificial",Wet,Non-Fatal Injury,Approaching,Driver,30 to 34,Minor,False,False,True,False,False,True,False,False,True,False,15550,div9,district4
2019,2019/07/20,2215,PHARMACY AVE,Major Arterial,43.725577,-79.297481,Intersection,At Intersection,Traffic Signal,Rain,"Dark, artificial",Wet,Non-Fatal Injury,Pedestrian Collisions,Passenger,10 to 14,None,True,False,True,False,False,True,False,False,False,False,15557,div9,district4
2019,2019/07/20,2215,PHARMACY AVE,Major Arterial,43.725577,-79.297481,Intersection,At Intersection,Traffic Signal,Rain,"Dark, artificial",Wet,Non-Fatal Injury,Pedestrian Collisions,Passenger,10 to 14,None,True,False,True,False,False,True,False,False,False,False,15559,div9,district4
2019,2019/02/03,255,KINGSTON RD,Major Arterial,43.683486,-79.276981,Intersection,Intersection Related,No Control,Rain,"Dark, artificial",Wet,Non-Fatal Injury,Approaching,Driver,20 to 24,Major,False,False,True,False,False,True,False,False,True,False,15563,div9,district4
2018,2018/10/13,907,BIRCHMOUNT RD,Major Arterial,43.692973,-79.262294,Intersection,At Intersection,Traffic Signal,Clear,Daylight,Dry,Non-Fatal Injury,Pedestrian Collisions,Driver,45 to 49,None,True,False,True,False,False,False,False,False,False,False,15564,div9,district4
2018,2018/10/13,907,BIRCHMOUNT RD,Major Arterial,43.692973,-79.262294,Intersection,At Intersection,Traffic Signal,Clear,Daylight,Dry,Non-Fatal Injury,Pedestrian Collisions,Pedestrian,65 to 69,Major,True,False,True,False,False,False,False,False,False,False,15567,div9,district4
2019,2019/07/20,2215,PHARMACY AVE,Major Arterial,43.725577,-79.297481,Intersection,At Intersection,Traffic Signal,Rain,"Dark, artificial",Wet,Non-Fatal Injury,Pedestrian Collisions,Pedestrian,40 to 44,Major,True,False,True,False,False,True,False,False,False,False,15574,div9,district4
2019,2019/02/03,255,KINGSTON RD,Major Arterial,43.683486,-79.276981,Intersection,Intersection Related,No Control,Rain,"Dark, artificial",Wet,Non-Fatal Injury,Approaching,Passenger,25 to 29,Major,False,False,True,False,False,True,False,False,True,False,15576,div9,district4
2019,2019/02/03,255,KINGSTON RD,Major Arterial,43.683486,-79.276981,Intersection,Intersection Related,No Control,Rain,"Dark, artificial",Wet,Non-Fatal Injury,Approaching,Passenger,20 to 24,Major,False,False,True,False,False,True,False,False,True,False,15583,div9,district4
2019,2019/07/24,549,VICTORIA PARK AVE,Major Arterial,43.755698,-79.314487,Intersection,At Intersection,Stop Sign,Clear,Daylight,Dry,Non-Fatal Injury,Turning Movement,Driver,45 to 49,None,False,False,True,False,False,False,False,False,False,False,15593,div9,district4
2019,2019/06/19,925,BIRCHMOUNT RD,Minor Arterial,43.721755,-79.274471,Intersection,At Intersection,Traffic Signal,Clear,Daylight,Dry,Non-Fatal Injury,Cyclist Collisions,Cyclist,20 to 24,Major,False,True,True,False,False,True,False,False,False,False,15595,div9,district4
2019,2019/06/19,925,BIRCHMOUNT RD,Minor Arterial,43.721755,-79.274471,Intersection,At Intersection,Traffic Signal,Clear,Daylight,Dry,Non-Fatal Injury,Cyclist Collisions,Driver,25 to 29,None,False,True,True,False,False,True,False,False,False,False,15602,div9,district4
2019,2019/07/24,549,VICTORIA PARK AVE,Major Arterial,43.755698,-79.314487,Intersection,At Intersection,Stop Sign,Clear,Daylight,Dry,Non-Fatal Injury,Turning Movement,Driver,30 to 34,Major,False,False,True,False,False,False,False,False,False,False,15605,div9,district4
2019,2019/06/19,925,BIRCHMOUNT RD,Minor Arterial,43.721755,-79.274471,Intersection,At Intersection,Traffic Signal,Clear,Daylight,Dry,Non-Fatal Injury,Cyclist Collisions,Passenger,20 to 24,Minimal,False,True,True,False,False,True,False,False,False,False,15617,div9,district4
2019,2019/08/19,1730,KINGSTON RD,Major Arterial,43.687167,-79.271663,Intersection,At Intersection,No Control,Clear,Daylight,Dry,Non-Fatal Injury,Sideswipe,Motorcycle Driver,25 to 29,Major,False,False,True,True,False,False,False,False,False,False,15619,div9,district4
2019,2019/08/19,1730,KINGSTON RD,Major Arterial,43.687167,-79.271663,Intersection,At Intersection,No Control,Clear,Daylight,Dry,Non-Fatal Injury,Sideswipe,Driver,35 to 39,None,False,False,True,True,False,False,False,False,False,False,15626,div9,district4
2018,2018/11/21,1952,DANFORTH RD,Minor Arterial,43.714774,-79.260837,Intersection,At Intersection,Traffic Signal,Clear,Dark,Wet,Non-Fatal Injury,Pedestrian Collisions,Driver,unknown,None,True,False,True,False,False,False,False,False,False,False,15655,div9,district4
2018,2018/11/21,1952,DANFORTH RD,Minor Arterial,43.714774,-79.260837,Intersection,At Intersection,Traffic Signal,Clear,Dark,Wet,Non-Fatal Injury,Pedestrian Collisions,Pedestrian,20 to 24,Major,True,False,True,False,False,False,False,False,False,False,15663,div9,district4
2019,2019/06/20,2204,ST CLAIR AVE E,Major Arterial,43.714087,-79.271083,Intersection,At Intersection,Traffic Signal,Rain,"Dark, artificial",Wet,Non-Fatal Injury,Pedestrian Collisions,Driver,unknown,None,True,False,True,False,False,False,False,False,False,False,15675,div9,district4
2019,2019/06/20,2204,ST CLAIR AVE E,Major Arterial,43.714087,-79.271083,Intersection,At Intersection,Traffic Signal,Rain,"Dark, artificial",Wet,Non-Fatal Injury,Pedestrian Collisions,Pedestrian,20 to 24,Major,True,False,True,False,False,False,False,False,False,False,15678,div9,district4
2018,2018/10/19,1904,ELLESMERE RD,Major Arterial,43.767852,-79.271076,Intersection,At Intersection,Traffic Signal,Clear,"Dark, artificial",Dry,Non-Fatal Injury,Pedestrian Collisions,Driver,30 to 34,None,True,False,True,False,False,False,False,False,False,False,15686,div9,district4
2018,2018/10/19,1904,ELLESMERE RD,Major Arterial,43.767852,-79.271076,Intersection,At Intersection,Traffic Signal,Clear,"Dark, artificial",Dry,Non-Fatal Injury,Pedestrian Collisions,Pedestrian,15 to 19,Major,True,False,True,False,False,False,False,False,False,False,15696,div9,district4
2019,2019/02/07,1642,PHARMACY AVE,Minor Arterial,43.750048,-79.307376,Mid-Block,Non Intersection,No Control,Rain,"Dark, artificial",Ice,Non-Fatal Injury,Approaching,Driver,20 to 24,None,False,False,True,False,False,True,True,False,False,False,15697,div9,district4
2019,2019/07/26,1630,857 ELLESMERE RD,Major Arterial,43.765547,-79.281963,Mid-Block,Non Intersection,No Control,Clear,Daylight,Dry,Non-Fatal Injury,Rear End,Driver,unknown,None,False,False,True,False,False,True,True,False,False,False,15699,div9,district4
2018,2018/11/23,1739,DUNDALK DR,Collector,43.767878,-79.285014,Mid-Block,Non Intersection,No Control,Clear,Daylight,Dry,Non-Fatal Injury,Pedestrian Collisions,Driver,unknown,None,True,False,True,False,False,False,False,False,False,False,15704,div9,district4
2019,2019/02/07,1642,PHARMACY AVE,Minor Arterial,43.750048,-79.307376,Mid-Block,Non Intersection,No Control,Rain,"Dark, artificial",Ice,Non-Fatal Injury,Approaching,Driver,40 to 44,Minimal,False,False,True,False,False,True,True,False,False,False,15707,div9,district4
2019,2019/07/26,1630,857 ELLESMERE RD,Major Arterial,43.765547,-79.281963,Mid-Block,Non Intersection,No Control,Clear,Daylight,Dry,Non-Fatal Injury,Rear End,Driver,60 to 64,Major,False,False,True,False,False,True,True,False,False,False,15708,div9,district4