YEAR,DATE,TIME,STREET1,ROAD_CLASS,LATITUDE,LONGITUDE,LOCCOORD,ACCLOC,TRAFFCTL,VISIBILITY,LIGHT,RDSFCOND,ACCLASS,IMPACTYPE,INVTYPE,INVAGE,INJURY,PEDESTRIAN,CYCLIST,AUTOMOBILE,MOTORCYCLE,TRUCK,PASSENGER,SPEEDING,REDLIGHT,ALCOHOL,DISABILITY,Record_ID,division_id,district_id
2017,2017/07/22,2134,ALBION RD,Major Arterial,43.737166,-79.565257,Intersection,At Intersection,Traffic Signal,Rain,"Dark, artificial",Wet,Non-Fatal Injury,Turning Movement,Passenger,45 to 49,Minimal,False,False,True,True,False,True,False,False,False,False,13963,div3,district2
2017,2017/07/22,2134,ALBION RD,Major Arterial,43.737166,-79.565257,Intersection,At Intersection,Traffic Signal,Rain,"Dark, artificial",Wet,Non-Fatal Injury,Turning Movement,Passenger,5 to 9,None,False,False,True,True,False,True,False,False,False,False,13964,div3,district2
2017,2017/05/02,645,WESTHUMBER BLVD,Major Arterial,43.728068,-79.574611,Intersection,At Intersection,Traffic Signal,Clear,"Dawn, artificial",Dry,Non-Fatal Injury,Cyclist Collisions,Driver,45 to 49,None,False,True,True,False,False,False,False,False,False,False,13971,div3,district2
2017,2017/05/02,645,WESTHUMBER BLVD,Major Arterial,43.728068,-79.574611,Intersection,At Intersection,Traffic Signal,Clear,"Dawn, artificial",Dry,Non-Fatal Injury,Cyclist Collisions,Cyclist,60 to 64,Major,False,True,True,False,False,False,False,False,False,False,13972,div3,district2
2018,2018/08/20,1616,THE WESTWAY,Minor Arterial,43.687316,-79.549732,Intersection,At Intersection,Traffic Signal,Clear,Daylight,Dry,Non-Fatal Injury,Angle,Passenger,45 to 49,None,False,False,True,False,False,True,True,True,False,False,14037,div3,district2
2018,2018/08/20,1616,THE WESTWAY,Minor Arterial,43.687316,-79.549732,Intersection,At Intersection,Traffic Signal,Clear,Daylight,Dry,Non-Fatal Injury,Angle,Driver,25 to 29,Minor,False,False,True,False,False,True,True,True,False,False,14038,div3,district2
2018,2018/08/20,1616,THE WESTWAY,Minor Arterial,43.687316,-79.549732,Intersection,At Intersection,Traffic Signal,Clear,Daylight,Dry,Non-Fatal Injury,Angle,Driver,55 to 59,Major,False,False,True,False,False,True,True,True,False,False,14039,div3,district2
2018,2018/08/20,1616,THE WESTWAY,Minor Arterial,43.687316,-79.549732,Intersection,At Intersection,Traffic Signal,Clear,Daylight,Dry,Non-Fatal Injury,Angle,Driver,45 to 49,None,False,False,True,False,False,True,True,True,False,False,14040,div3,district2
2018,2018/08/20,1616,THE WESTWAY,Minor Arterial,43.687316,-79.549732,Intersection,At Intersection,Traffic Signal,Clear,Daylight,Dry,Non-Fatal Injury,Angle,Passenger,25 to 29,Minor,False,False,True,False,False,True,True,True,False,False,14041,div3,district2
2018,2018/08/25,1100,DIXON RD,Major Arterial,43.691519,-79.570796,Intersection,At Intersection,Traffic Signal,Clear,Daylight,Dry,Non-Fatal Injury,Turning Movement,Driver,35 to 39,Minimal,False,False,True,False,False,False,False,False,False,False,14062,div3,district2
2018,2018/08/25,1100,DIXON RD,Major Arterial,43.691519,-79.570796,Intersection,At Intersection,Traffic Signal,Clear,Daylight,Dry,Non-Fatal Injury,Turning Movement,Driver,40 to 44,Major,False,False,True,False,False,False,False,False,False,False,14063,div3,district2
2017,2017/12/19,1651,MARTIN GROVE RD,Major Arterial,43.707476,-79.578197,Intersection,At Intersection,Traffic Signal,Clear,"Dark, artificial",Dry,Non-Fatal Injury,Angle,Driver,30 to 34,Major,False,False,True,False,False,True,False,True,False,False,14103,div3,district2
2017,2017/12/19,1651,MARTIN GROVE RD,Major Arterial,43.707476,-79.578197,Intersection,At Intersection,Traffic Signal,Clear,"Dark, artificial",Dry,Non-Fatal Injury,Angle,Driver,40 to 44,None,False,False,True,False,False,True,False,True,False,False,14107,div3,district2
2018,2018/07/05,2235,RENFORTH DR,Major Arterial,43.669337,-79.591533,Intersection,At Intersection,Traffic Signal,Clear,"Dark, artificial",Dry,Non-Fatal Injury,Turning Movement,Truck Driver,75 to 79,None,False,False,True,False,True,True,True,False,False,False,14124,div3,district2
2018,2018/07/05,2235,RENFORTH DR,Major Arterial,43.669337,-79.591533,Intersection,At Intersection,Traffic Signal,Clear,"Dark, artificial",Dry,Non-Fatal Injury,Turning Movement,Driver,20 to 24,Major,False,False,True,False,True,True,True,False,False,False,14129,div3,district2
2018,2018/07/05,2235,RENFORTH DR,Major Arterial,43.669337,-79.591533,Intersection,At Intersection,Traffic Signal,Clear,"Dark, artificial",Dry,Non-Fatal Injury,Turning Movement,Passenger,20 to 24,Major,False,False,True,False,True,True,True,False,False,False,14134,div3,district2
2018,2018/06/20,12,HIGHWAY 27  N,Major Arterial,43.742911,-79.60696,Mid-Block,Non Intersection,No Control,Clear,"Dark, artificial",Dry,Non-Fatal Injury,Pedestrian Collisions,Driver,20 to 24,None,True,False,True,False,False,True,False,False,False,False,14183,div3,district2
2018,2018/06/20,12,HIGHWAY 27  N,Major Arterial,43.742911,-79.60696,Mid-Block,Non Intersection,No Control,Clear,"Dark, artificial",Dry,Non-Fatal Injury,Pedestrian Collisions,Passenger,25 to 29,None,True,False,True,False,False,True,False,False,False,False,14184,div3,district2
2018,2018/06/20,12,HIGHWAY 27  N,Major Arterial,43.742911,-79.60696,Mid-Block,Non Intersection,No Control,Clear,"Dark, artificial",Dry,Non-Fatal Injury,Pedestrian Collisions,Passenger,25 to 29,None,True,False,True,False,False,True,False,False,False,False,14185,div3,district2
2018,2018/06/20,12,HIGHWAY 27  N,Major Arterial,43.742911,-79.60696,Mid-Block,Non Intersection,No Control,Clear,"Dark, artificial",Dry,Non-Fatal Injury,Pedestrian Collisions,Pedestrian,30 to 34,Major,True,False,True,False,False,True,False,False,False,False,14186,div3,district2
2018,2018/06/29,123,STEELES AVE W,Major Arterial,43.759535,-79.589862,Intersection,At Intersection,Traffic Signal,Clear,"Dark, artificial",Dry,Fatal,Pedestrian Collisions,Driver,25 to 29,Minor,True,False,True,False,False,False,True,False,False,False,14218,div3,district2
2018,2018/06/29,123,STEELES AVE W,Major Arterial,43.759535,-79.589862,Intersection,At Intersection,Traffic Signal,Clear,"Dark, artificial",Dry,Fatal,Pedestrian Collisions,Driver,25 to 29,None,True,False,True,False,False,False,True,False,False,False,14219,div3,district2
2018,2018/06/29,123,STEELES AVE W,Major Arterial,43.759535,-79.589862,Intersection,At Intersection,Traffic Signal,Clear,"Dark, artificial",Dry,Fatal,Pedestrian Collisions,Driver,55 to 59,Minor,True,False,True,False,False,False,True,False,False,False,14220,div3,district2
2018,2018/06/29,123,STEELES AVE W,Major Arterial,43.759535,-79.589862,Intersection,At Intersection,Traffic Signal,Clear,"Dark, artificial",Dry,Fatal,Pedestrian Collisions,Pedestrian,15 to 19,Fatal,True,False,True,False,False,False,True,False,False,False,14221,div3,district2
2018,2018/07/05,2235,RENFORTH DR,Major Arterial,43.669337,-79.591533,Intersection,At Intersection,Traffic Signal,Clear,"Dark, artificial",Dry,Non-Fatal Injury,Turning Movement,Passenger,20 to 24,Minor,False,False,True,False,True,True,True,False,False,False,14234,div3,district2
2017,2017/12/19,1651,MARTIN GROVE RD,Major Arterial,43.707476,-79.578197,Intersection,At Intersection,Traffic Signal,Clear,"Dark, artificial",Dry,Non-Fatal Injury,Angle,Passenger,0 to 4,Minimal,False,False,True,False,False,True,False,True,False,False,14355,div3,district2
2018,2018/05/04,2354,DIXON RD,Major Arterial,43.688479,-79.583987,Mid-Block,Overpass or Bridge,No Control,Other,Dark,Other,Fatal,Pedestrian Collisions,Pedestrian,60 to 64,Fatal,True,False,True,False,False,False,False,False,False,False,14356,div3,district2
2018,2018/05/04,2354,DIXON RD,Major Arterial,43.688479,-79.583987,Mid-Block,Overpass or Bridge,No Control,Other,Dark,Other,Fatal,Pedestrian Collisions,Driver,25 to 29,None,True,False,True,False,False,False,False,False,False,False,14361,div3,district2
2018,2018/02/14,1545,KIPLING AVE,Major Arterial,43.746745,-79.583759,Intersection,At Intersection,Traffic Signal,Clear,Daylight,Dry,Non-Fatal Injury,Pedestrian Collisions,Pedestrian,85 to 89,Major,True,False,True,False,False,False,False,False,False,False,14496,div3,district2
2018,2018/02/14,1545,KIPLING AVE,Major Arterial,43.746745,-79.583759,Intersection,At Intersection,Traffic Signal,Clear,Daylight,Dry,Non-Fatal Injury,Pedestrian Collisions,Driver,75 to 79,None,True,False,True,False,False,False,False,False,False,False,14503,div3,district2
2017,2017/10/11,1140,KIPLING AVE,Major Arterial,43.686839,-79.555232,Mid-Block,Non Intersection,No Control,Clear,Daylight,Dry,Non-Fatal Injury,Sideswipe,Passenger,20 to 24,Minimal,False,False,True,False,False,True,False,False,False,False,14518,div3,district2
2017,2017/10/11,1140,KIPLING AVE,Major Arterial,43.686839,-79.555232,Mid-Block,Non Intersection,No Control,Clear,Daylight,Dry,Non-Fatal Injury,Sideswipe,Driver,55 to 59,Major,False,False,True,False,False,True,False,False,False,False,14520,div3,district2
2018,2018/05/11,209,2955 KIPLING AVE,Local,43.760138,-79.590122,Mid-Block,At/Near Private Drive,No Control,Clear,Dark,Dry,Non-Fatal Injury,SMV Other,Passenger,25 to 29,Minor,False,False,True,False,False,True,True,False,False,False,14522,div3,district2
2017,2017/10/11,1140,KIPLING AVE,Major Arterial,43.686839,-79.555232,Mid-Block,Non Intersection,No Control,Clear,Daylight,Dry,Non-Fatal Injury,Sideswipe,Driver,45 to 49,None,False,False,True,False,False,True,False,False,False,False,14528,div3,district2
2017,2017/10/11,1140,KIPLING AVE,Major Arterial,43.686839,-79.555232,Mid-Block,Non Intersection,No Control,Clear,Daylight,Dry,Non-Fatal Injury,Sideswipe,Driver,15 to 19,None,False,False,True,False,False,True,False,False,False,False,14533,div3,district2
2018,2018/05/11,209,2955 KIPLING AVE,Local,43.760138,-79.590122,Mid-Block,At/Near Private Drive,No Control,Clear,Dark,Dry,Non-Fatal Injury,SMV Other,Driver,35 to 39,Major,False,False,True,False,False,True,True,False,False,False,14539,div3,district2
2018,2018/09/15,1625,DIXON RD,Major Arterial,43.694594,-79.556766,Mid-Block,At/Near Private Drive,No Control,Clear,Daylight,Dry,Non-Fatal Injury,Turning Movement,Driver,50 to 54,None,False,False,True,True,False,False,False,False,False,False,14723,div3,district2
2018,2018/09/15,1625,DIXON RD,Major Arterial,43.694594,-79.556766,Mid-Block,At/Near Private Drive,No Control,Clear,Daylight,Dry,Non-Fatal Injury,Turning Movement,Motorcycle Driver,60 to 64,Major,False,False,True,True,False,False,False,False,False,False,14730,div3,district2
2017,2017/10/27,2031,FINCH  AVE W,Major Arterial,43.743193,-79.582073,Intersection,At Intersection,Traffic Signal,Clear,Dark,Dry,Non-Fatal Injury,Cyclist Collisions,Cyclist,30 to 34,Minor,False,True,True,False,False,False,False,False,False,False,14765,div3,district2
2017,2017/10/27,2031,FINCH  AVE W,Major Arterial,43.743193,-79.582073,Intersection,At Intersection,Traffic Signal,Clear,Dark,Dry,Non-Fatal Injury,Cyclist Collisions,Driver,45 to 49,Major,False,True,True,False,False,False,False,False,False,False,14770,div3,district2
2018,2018/04/13,1918,THE WESTWAY,Major Arterial,43.685553,-79.55466,Intersection,At Intersection,Traffic Signal,Rain,"Dark, artificial",Wet,Non-Fatal Injury,Cyclist Collisions,Driver,50 to 54,None,False,True,True,False,False,False,False,False,False,False,14801,div3,district2
2018,2018/04/13,1918,THE WESTWAY,Major Arterial,43.685553,-79.55466,Intersection,At Intersection,Traffic Signal,Rain,"Dark, artificial",Wet,Non-Fatal Injury,Cyclist Collisions,Cyclist,20 to 24,Major,False,True,True,False,False,False,False,False,False,False,14808,div3,district2
2018,2018/02/27,2128,ALBION RD,Major Arterial,43.745268,-79.613452,Mid-Block,Non Intersection,No Control,Clear,"Dark, artificial",Dry,Non-Fatal Injury,Rear End,Driver,55 to 59,Minor,False,False,True,False,False,False,False,False,True,False,14829,div3,district2
2018,2018/02/27,2128,ALBION RD,Major Arterial,43.745268,-79.613452,Mid-Block,Non Intersection,No Control,Clear,"Dark, artificial",Dry,Non-Fatal Injury,Rear End,Driver,30 to 34,Major,False,False,True,False,False,False,False,False,True,False,14836,div3,district2
2018,2018/02/28,2117,FINCH AVE W,Major Arterial,43.734969,-79.617831,Intersection,At Intersection,Traffic Signal,Clear,"Dusk, artificial",Dry,Non-Fatal Injury,Pedestrian Collisions,Passenger,0 to 4,None,True,False,True,False,False,True,False,False,False,False,14840,div3,district2
2018,2018/02/28,2117,FINCH AVE W,Major Arterial,43.734969,-79.617831,Intersection,At Intersection,Traffic Signal,Clear,"Dusk, artificial",Dry,Non-Fatal Injury,Pedestrian Collisions,Passenger,20 to 24,None,True,False,True,False,False,True,False,False,False,False,14847,div3,district2
2018,2018/02/28,2117,FINCH AVE W,Major Arterial,43.734969,-79.617831,Intersection,At Intersection,Traffic Signal,Clear,"Dusk, artificial",Dry,Non-Fatal Injury,Pedestrian Collisions,Pedestrian,20 to 24,Major,True,False,True,False,False,True,False,False,False,False,14851,div3,district2
2018,2018/02/28,2117,FINCH AVE W,Major Arterial,43.734969,-79.617831,Intersection,At Intersection,Traffic Signal,Clear,"Dusk, artificial",Dry,Non-Fatal Injury,Pedestrian Collisions,Driver,60 to 64,None,True,False,True,False,False,True,False,False,False,False,14864,div3,district2
2018,2018/08/09,1415,REXDALE BLVD,Major Arterial,43.713248,-79.559642,Intersection,At Intersection,Traffic Signal,Clear,Daylight,Dry,Non-Fatal Injury,Turning Movement,Driver,30 to 34,None,False,False,True,False,False,False,False,False,False,False,14868,div3,district2
2018,2018/05/30,329,MARTIN GROVE RD,Major Arterial,43.705172,-79.577121,Intersection,At Intersection,Traffic Signal,Other,Dark,Other,Fatal,Turning Movement,Truck Driver,50 to 54,None,False,False,False,True,True,False,True,False,False,False,14871,div3,district2
2018,2018/08/09,1415,REXDALE BLVD,Major Arterial,43.713248,-79.559642,Intersection,At Intersection,Traffic Signal,Clear,Daylight,Dry,Non-Fatal Injury,Turning Movement,Driver,70 to 74,Major,False,False,True,False,False,False,False,False,False,False,14876,div3,district2
2018,2018/09/21,1723,WOODBINE TRACK ACCESS,Local,43.717654,-79.603442,Mid-Block,Non Intersection,No Control,Rain,Daylight,Wet,Non-Fatal Injury,Turning Movement,Driver,40 to 44,None,False,False,True,False,True,True,False,False,False,False,14877,div3,district2
2018,2018/05/30,329,MARTIN GROVE RD,Major Arterial,43.705172,-79.577121,Intersection,At Intersection,Traffic Signal,Other,Dark,Other,Fatal,Turning Movement,Motorcycle Driver,20 to 24,Fatal,False,False,False,True,True,False,True,False,False,False,14881,div3,district2
2018,2018/09/21,1723,WOODBINE TRACK ACCESS,Local,43.717654,-79.603442,Mid-Block,Non Intersection,No Control,Rain,Daylight,Wet,Non-Fatal Injury,Turning Movement,Truck Driver,50 to 54,Minimal,False,False,True,False,True,True,False,False,False,False,14885,div3,district2
2018,2018/09/21,1723,WOODBINE TRACK ACCESS,Local,43.717654,-79.603442,Mid-Block,Non Intersection,No Control,Rain,Daylight,Wet,Non-Fatal Injury,Turning Movement,Passenger,40 to 44,None,False,False,True,False,True,True,False,False,False,False,14891,div3,district2
2017,2017/11/03,725,FINCH AVENUE W,Major Arterial,43.741091,-79.589198,Mid-Block,Non Intersection,No Control,Clear,"Dawn, artificial",Wet,Non-Fatal Injury,Pedestrian Collisions,Pedestrian,50 to 54,Major,True,False,True,False,False,False,False,False,False,False,14894,div3,district2
2018,2018/09/21,1723,WOODBINE TRACK ACCESS,Local,43.717654,-79.603442,Mid-Block,Non Intersection,No Control,Rain,Daylight,Wet,Non-Fatal Injury,Turning Movement,Passenger,65 to 69,Major,False,False,True,False,True,True,False,False,False,False,14896,div3,district2
2017,2017/11/03,725,FINCH AVENUE W,Major Arterial,43.741091,-79.589198,Mid-Block,Non Intersection,No Control,Clear,"Dawn, artificial",Wet,Non-Fatal Injury,Pedestrian Collisions,Driver,45 to 49,None,True,False,True,False,False,False,False,False,False,False,14900,div3,district2
2018,2018/09/21,1723,WOODBINE TRACK ACCESS,Local,43.717654,-79.603442,Mid-Block,Non Intersection,No Control,Rain,Daylight,Wet,Non-Fatal Injury,Turning Movement,Passenger,30 to 34,Minor,False,False,True,False,True,True,False,False,False,False,14903,div3,district2
2018,2018/09/21,1723,WOODBINE TRACK ACCESS,Local,43.717654,-79.603442,Mid-Block,Non Intersection,No Control,Rain,Daylight,Wet,Non-Fatal Injury,Turning Movement,Passenger,30 to 34,Minimal,False,False,True,False,True,True,False,False,False,False,14912,div3,district2
2018,2018/04/26,105,SCARLETT RD,Major Arterial,43.698107,-79.52325,Intersection,At Intersection,Traffic Signal,Rain,"Dark, artificial",Wet,Non-Fatal Injury,Turning Movement,Driver,20 to 24,Major,False,False,True,False,False,True,True,False,False,False,14969,div3,district2
2018,2018/04/26,105,SCARLETT RD,Major Arterial,43.698107,-79.52325,Intersection,At Intersection,Traffic Signal,Rain,"Dark, artificial",Wet,Non-Fatal Injury,Turning Movement,Driver,50 to 54,None,False,False,True,False,False,True,True,False,False,False,14974,div3,district2
2018,2018/04/26,105,SCARLETT RD,Major Arterial,43.698107,-79.52325,Intersection,At Intersection,Traffic Signal,Rain,"Dark, artificial",Wet,Non-Fatal Injury,Turning Movement,Passenger,unknown,Minor,False,False,True,False,False,True,True,False,False,False,14977,div3,district2
2018,2018/04/26,105,SCARLETT RD,Major Arterial,43.698107,-79.52325,Intersection,At Intersection,Traffic Signal,Rain,"Dark, artificial",Wet,Non-Fatal Injury,Turning Movement,Passenger,20 to 24,Minor,False,False,True,False,False,True,True,False,False,False,14980,div3,district2
2018,2018/04/26,105,SCARLETT RD,Major Arterial,43.698107,-79.52325,Intersection,At Intersection,Traffic Signal,Rain,"Dark, artificial",Wet,Non-Fatal Injury,Turning Movement,Passenger,60 to 64,Minor,False,False,True,False,False,True,True,False,False,False,14983,div3,district2
2018,2018/04/26,1942,ISLINGTON AVE,Major Arterial,43.737166,-79.565257,Intersection,At Intersection,Traffic Signal,Clear,"Dusk, artificial",Dry,Non-Fatal Injury,Turning Movement,Driver,25 to 29,None,False,False,True,False,False,True,False,False,False,False,14986,div3,district2
2018,2018/04/26,1942,ISLINGTON AVE,Major Arterial,43.737166,-79.565257,Intersection,At Intersection,Traffic Signal,Clear,"Dusk, artificial",Dry,Non-Fatal Injury,Turning Movement,Driver,20 to 24,Major,False,False,True,False,False,True,False,False,False,False,14990,div3,district2
2018,2018/04/26,1942,ISLINGTON AVE,Major Arterial,43.737166,-79.565257,Intersection,At Intersection,Traffic Signal,Clear,"Dusk, artificial",Dry,Non-Fatal Injury,Turning Movement,Passenger,25 to 29,None,False,False,True,False,False,True,False,False,False,False,14996,div3,district2
2018,2018/04/26,1942,ISLINGTON AVE,Major Arterial,43.737166,-79.565257,Intersection,At Intersection,Traffic Signal,Clear,"Dusk, artificial",Dry,Non-Fatal Injury,Turning Movement,Passenger,0 to 4,Minor,False,False,True,False,False,True,False,False,False,False,14997,div3,district2
2018,2018/04/26,1942,ISLINGTON AVE,Major Arterial,43.737166,-79.565257,Intersection,At Intersection,Traffic Signal,Clear,"Dusk, artificial",Dry,Non-Fatal Injury,Turning Movement,Passenger,5 to 9,None,False,False,True,False,False,True,False,False,False,False,14998,div3,district2
2018,2018/04/26,1942,ISLINGTON AVE,Major Arterial,43.737166,-79.565257,Intersection,At Intersection,Traffic Signal,Clear,"Dusk, artificial",Dry,Non-Fatal Injury,Turning Movement,Passenger,5 to 9,None,False,False,True,False,False,True,False,False,False,False,14999,div3,district2
2018,2018/04/26,1942,ISLINGTON AVE,Major Arterial,43.737166,-79.565257,Intersection,At Intersection,Traffic Signal,Clear,"Dusk, artificial",Dry,Non-Fatal Injury,Turning Movement,Passenger,20 to 24,None,False,False,True,False,False,True,False,False,False,False,15000,div3,district2
2019,2019/03/05,547,HIGHWAY 27  N,Major Arterial,43.730399,-79.601398,Intersection,At Intersection,Traffic Signal,Clear,"Dark, artificial",Dry,Non-Fatal Injury,Approaching,Driver,60 to 64,Major,False,False,True,False,False,False,False,False,False,False,15006,div3,district2
2019,2019/03/05,547,HIGHWAY 27  N,Major Arterial,43.730399,-79.601398,Intersection,At Intersection,Traffic Signal,Clear,"Dark, artificial",Dry,Non-Fatal Injury,Approaching,Driver,45 to 49,Minimal,False,False,True,False,False,False,False,False,False,False,15008,div3,district2
2019,2019/03/05,547,HIGHWAY 27  N,Major Arterial,43.730399,-79.601398,Intersection,At Intersection,Traffic Signal,Clear,"Dark, artificial",Dry,Non-Fatal Injury,Approaching,Driver,45 to 49,Minimal,False,False,True,False,False,False,False,False,False,False,15010,div3,district2
2019,2019/09/06,1617,DIXON RD,Major Arterial,43.696955,-79.546672,Intersection,At Intersection,Traffic Signal,Clear,Daylight,Dry,Fatal,Pedestrian Collisions,Pedestrian,75 to 79,Fatal,True,False,True,False,False,False,False,False,False,False,15021,div3,district2
2019,2019/09/06,1617,DIXON RD,Major Arterial,43.696955,-79.546672,Intersection,At Intersection,Traffic Signal,Clear,Daylight,Dry,Fatal,Pedestrian Collisions,Driver,45 to 49,None,True,False,True,False,False,False,False,False,False,False,15022,div3,district2
2019,2019/09/17,1630,LA ROSE AVE,Collector,43.686526,-79.514964,Mid-Block,At/Near Private Drive,No Control,Clear,Daylight,Dry,Non-Fatal Injury,Cyclist Collisions,Driver,20 to 24,None,False,True,True,False,False,False,False,False,False,False,15066,div3,district2
2019,2019/09/17,1630,LA ROSE AVE,Collector,43.686526,-79.514964,Mid-Block,At/Near Private Drive,No Control,Clear,Daylight,Dry,Non-Fatal Injury,Cyclist Collisions,Cyclist,50 to 54,Major,False,True,True,False,False,False,False,False,False,False,15067,div3,district2
2019,2019/09/29,2031,KIPLING AVE,Major Arterial,43.707354,-79.5647,Mid-Block,Non Intersection,No Control,Clear,"Daylight, artificial",Dry,Fatal,Pedestrian Collisions,Pedestrian,55 to 59,Fatal,True,False,True,False,False,False,False,False,False,False,15093,div3,district2
2019,2019/09/29,2031,KIPLING AVE,Major Arterial,43.707354,-79.5647,Mid-Block,Non Intersection,No Control,Clear,"Daylight, artificial",Dry,Fatal,Pedestrian Collisions,Driver,50 to 54,None,True,False,True,False,False,False,False,False,False,False,15094,div3,district2
2018,2018/11/01,2043,KIPLING  AVE,Major Arterial,43.750846,-79.58575,Intersection,At Intersection,Traffic Signal,Clear,Dark,Dry,Fatal,Pedestrian Collisions,Pedestrian,90 to 94,Fatal,True,False,True,False,False,False,False,False,False,False,15182,div3,district2
2018,2018/11/01,2043,KIPLING  AVE,Major Arterial,43.750846,-79.58575,Intersection,At Intersection,Traffic Signal,Clear,Dark,Dry,Fatal,Pedestrian Collisions,Driver,70 to 74,None,True,False,True,False,False,False,False,False,False,False,15188,div3,district2
2018,2018/11/01,2222,ALBION RD,Major Arterial,43.746806,-79.621974,Intersection,At Intersection,Traffic Signal,Rain,Dark,Wet,Non-Fatal Injury,Pedestrian Collisions,Driver,50 to 54,None,True,False,True,False,False,False,False,False,False,False,15206,div3,district2
2018,2018/11/01,2222,ALBION RD,Major Arterial,43.746806,-79.621974,Intersection,At Intersection,Traffic Signal,Rain,Dark,Wet,Non-Fatal Injury,Pedestrian Collisions,Pedestrian,30 to 34,Major,True,False,True,False,False,False,False,False,False,False,15216,div3,district2
2018,2018/11/30,1750,KIPLING AVE,Major Arterial,43.70476,-79.563442,Intersection,At Intersection,Traffic Signal,Clear,Dark,Dry,Non-Fatal Injury,Pedestrian Collisions,Driver,45 to 49,None,True,False,True,False,False,False,False,False,False,False,15219,div3,district2
2018,2018/11/30,1750,KIPLING AVE,Major Arterial,43.70476,-79.563442,Intersection,At Intersection,Traffic Signal,Clear,Dark,Dry,Non-Fatal Injury,Pedestrian Collisions,Pedestrian,65 to 69,Major,True,False,True,False,False,False,False,False,False,False,15228,div3,district2
2018,2018/11/08,1400,LA ROSE AVE,Minor Arterial,43.684085,-79.52737,Intersection,At Intersection,Traffic Signal,Clear,"Daylight, artificial",Dry,Non-Fatal Injury,Pedestrian Collisions,Driver,30 to 34,None,True,False,True,False,False,False,False,False,False,False,15307,div3,district2
2018,2018/11/08,1400,LA ROSE AVE,Minor Arterial,43.684085,-79.52737,Intersection,At Intersection,Traffic Signal,Clear,"Daylight, artificial",Dry,Non-Fatal Injury,Pedestrian Collisions,Pedestrian,65 to 69,Major,True,False,True,False,False,False,False,False,False,False,15318,div3,district2
2018,2018/10/05,1852,708 SCARLETT RD,Major Arterial,43.695372,-79.520099,Mid-Block,Non Intersection,No Control,Clear,Daylight,Dry,Fatal,Turning Movement,Driver,45 to 49,None,False,False,True,True,False,False,False,False,False,False,15326,div3,district2
2018,2018/12/07,600,MARTIN GROV RD,Major Arterial,43.711745,-79.580135,Mid-Block,Non Intersection,No Control,Clear,"Dark, artificial",Dry,Non-Fatal Injury,Pedestrian Collisions,Driver,65 to 69,None,True,False,True,False,False,False,False,False,False,False,15330,div3,district2
2018,2018/10/05,1852,708 SCARLETT RD,Major Arterial,43.695372,-79.520099,Mid-Block,Non Intersection,No Control,Clear,Daylight,Dry,Fatal,Turning Movement,Motorcycle Driver,45 to 49,Fatal,False,False,True,True,False,False,False,False,False,False,15334,div3,district2
2018,2018/12/07,600,MARTIN GROV RD,Major Arterial,43.711745,-79.580135,Mid-Block,Non Intersection,No Control,Clear,"Dark, artificial",Dry,Non-Fatal Injury,Pedestrian Collisions,Pedestrian,25 to 29,Major,True,False,True,False,False,False,False,False,False,False,15335,div3,district2
2018,2018/10/05,1852,708 SCARLETT RD,Major Arterial,43.695372,-79.520099,Mid-Block,Non Intersection,No Control,Clear,Daylight,Dry,Fatal,Turning Movement,Driver,55 to 59,None,False,False,True,True,False,False,False,False,False,False,15338,div3,district2
2019,2019/01/20,515,FINCH AVE W,Major Arterial,43.745352,-79.572002,Mid-Block,Non Intersection,No Control,Snow,"Dark, artificial",Loose Snow,Non-Fatal Injury,Approaching,Driver,35 to 39,None,False,False,True,False,False,True,False,False,False,False,15378,div3,district2
2019,2019/01/20,515,FINCH AVE W,Major Arterial,43.745352,-79.572002,Mid-Block,Non Intersection,No Control,Snow,"Dark, artificial",Loose Snow,Non-Fatal Injury,Approaching,Driver,55 to 59,Minor,False,False,True,False,False,True,False,False,False,False,15384,div3,district2
2019,2019/01/20,515,FINCH AVE W,Major Arterial,43.745352,-79.572002,Mid-Block,Non Intersection,No Control,Snow,"Dark, artificial",Loose Snow,Non-Fatal Injury,Approaching,Passenger,40 to 44,Major,False,False,True,False,False,True,False,False,False,False,15394,div3,district2
2018,2018/12/08,1601,STEELES AVE W,Major Arterial,43.757952,-79.60258,Mid-Block,Non Intersection,No Control,Clear,Daylight,Dry,Non-Fatal Injury,Other,Driver,50 to 54,None,False,False,False,False,False,True,False,False,False,False,15410,div3,district2
2018,2018/12/08,1601,STEELES AVE W,Major Arterial,43.757952,-79.60258,Mid-Block,Non Intersection,No Control,Clear,Daylight,Dry,Non-Fatal Injury,Other,Passenger,50 to 54,Major,False,False,False,False,False,True,False,False,False,False,15422,div3,district2
2019,2019/05/05,1630,HIGHWAY 27  N,Major Arterial,43.749644,-79.610423,Intersection,At Intersection,Traffic Signal,Clear,Daylight,Dry,Non-Fatal Injury,SMV Other,Driver,45 to 49,None,False,False,True,True,False,False,False,False,False,False,15525,div3,district2
2019,2019/05/05,1630,HIGHWAY 27  N,Major Arterial,43.749644,-79.610423,Intersection,At Intersection,Traffic Signal,Clear,Daylight,Dry,Non-Fatal Injury,SMV Other,Motorcycle Driver,50 to 54,Major,False,False,True,True,False,False,False,False,False,False,15526,div3,district2