YEAR,DATE,TIME,STREET1,ROAD_CLASS,LATITUDE,LONGITUDE,LOCCOORD,ACCLOC,TRAFFCTL,VISIBILITY,LIGHT,RDSFCOND,ACCLASS,IMPACTYPE,INVTYPE,INVAGE,INJURY,PEDESTRIAN,CYCLIST,AUTOMOBILE,MOTORCYCLE,TRUCK,PASSENGER,SPEEDING,REDLIGHT,ALCOHOL,DISABILITY,Record_ID,division_id,district_id
2019,2019/07/31,1423,F G GARDINER XY  W,Expressway,43.616381,-79.533878,Mid-Block,Non Intersection,No Control,Clear,Daylight,Dry,Non-Fatal Injury,Rear End,Driver,55 to 59,Major,False,False,True,False,True,False,True,False,False,False,15900,div13,district2
2019,2019/08/25,1115,RENFORTH DR,Collector,43.636084,-79.567912,Intersection,At Intersection,No Control,Clear,Daylight,Dry,Non-Fatal Injury,Pedestrian Collisions,Driver,unknown,None,True,False,True,False,False,False,False,False,False,False,15901,div13,district2
2019,2019/06/27,1850,LAKE SHORE BLVD W,Major Arterial,43.599944,-79.508594,Intersection,At Intersection,Traffic Signal,Clear,Daylight,Dry,Non-Fatal Injury,Pedestrian Collisions,Pedestrian,80 to 84,Major,True,False,True,False,False,False,False,False,False,False,15904,div13,district2
2019,2019/07/31,1423,F G GARDINER XY  W,Expressway,43.616381,-79.533878,Mid-Block,Non Intersection,No Control,Clear,Daylight,Dry,Non-Fatal Injury,Rear End,Driver,55 to 59,Major,False,False,True,False,True,False,True,False,False,False,15909,div13,district2
2019,2019/08/25,1115,RENFORTH DR,Collector,43.636084,-79.567912,Intersection,At Intersection,No Control,Clear,Daylight,Dry,Non-Fatal Injury,Pedestrian Collisions,Pedestrian,35 to 39,Major,True,False,True,False,False,False,False,False,False,False,15910,div13,district2
2018,2018/12/26,1853,4968 DUNDAS ST W,Major Arterial,43.647521,-79.529773,Mid-Block,Non Intersection,No Control,Clear,"Dark, artificial",Dry,Fatal,Pedestrian Collisions,Driver,40 to 44,None,True,False,True,False,False,False,False,False,False,False,15912,div13,district2
2018,2018/12/26,1853,4968 DUNDAS ST W,Major Arterial,43.647521,-79.529773,Mid-Block,Non Intersection,No Control,Clear,"Dark, artificial",Dry,Fatal,Pedestrian Collisions,Pedestrian,75 to 79,Fatal,True,False,True,False,False,False,False,False,False,False,15919,div13,district2
2019,2019/07/31,1423,F G GARDINER XY  W,Expressway,43.616381,-79.533878,Mid-Block,Non Intersection,No Control,Clear,Daylight,Dry,Non-Fatal Injury,Rear End,Driver,55 to 59,Minimal,False,False,True,False,True,False,True,False,False,False,15920,div13,district2
2019,2019/05/26,1914,NORTH QUEEN ST,Minor Arterial,43.619403,-79.553706,Intersection,At Intersection,Traffic Signal,Clear,Daylight,Dry,Non-Fatal Injury,Pedestrian Collisions,Driver,80 to 84,None,True,False,True,False,False,True,False,False,False,False,15930,div13,district2
2019,2019/04/11,2355,ROYAL YORK RD,Minor Arterial,43.645533,-79.510593,Intersection,At Intersection,No Control,Clear,"Dark, artificial",Dry,Non-Fatal Injury,Approaching,Driver,unknown,None,False,False,True,False,False,True,True,False,False,False,15937,div13,district2
2019,2019/05/26,1914,NORTH QUEEN ST,Minor Arterial,43.619403,-79.553706,Intersection,At Intersection,Traffic Signal,Clear,Daylight,Dry,Non-Fatal Injury,Pedestrian Collisions,Passenger,35 to 39,None,True,False,True,False,False,True,False,False,False,False,15939,div13,district2
2019,2019/04/11,2355,ROYAL YORK RD,Minor Arterial,43.645533,-79.510593,Intersection,At Intersection,No Control,Clear,"Dark, artificial",Dry,Non-Fatal Injury,Approaching,Driver,70 to 74,None,False,False,True,False,False,True,True,False,False,False,15944,div13,district2
2019,2019/05/26,1914,NORTH QUEEN ST,Minor Arterial,43.619403,-79.553706,Intersection,At Intersection,Traffic Signal,Clear,Daylight,Dry,Non-Fatal Injury,Pedestrian Collisions,Passenger,5 to 9,None,True,False,True,False,False,True,False,False,False,False,15945,div13,district2
2019,2019/04/11,2355,ROYAL YORK RD,Minor Arterial,43.645533,-79.510593,Intersection,At Intersection,No Control,Clear,"Dark, artificial",Dry,Non-Fatal Injury,Approaching,Driver,30 to 34,Major,False,False,True,False,False,True,True,False,False,False,15952,div13,district2
2019,2019/05/26,1914,NORTH QUEEN ST,Minor Arterial,43.619403,-79.553706,Intersection,At Intersection,Traffic Signal,Clear,Daylight,Dry,Non-Fatal Injury,Pedestrian Collisions,Pedestrian,15 to 19,Major,True,False,True,False,False,True,False,False,False,False,15953,div13,district2
2019,2019/09/02,1448,495 THE WEST MALL,Minor Arterial,43.647906,-79.568042,Mid-Block,Non Intersection,No Control,Clear,Daylight,Dry,Non-Fatal Injury,Angle,Motorcycle Driver,20 to 24,Major,False,False,True,True,False,False,True,False,False,False,15979,div13,district2
2019,2019/09/02,1448,495 THE WEST MALL,Minor Arterial,43.647906,-79.568042,Mid-Block,Non Intersection,No Control,Clear,Daylight,Dry,Non-Fatal Injury,Angle,Driver,30 to 34,None,False,False,True,True,False,False,True,False,False,False,15981,div13,district2
2019,2019/09/02,1448,495 THE WEST MALL,Minor Arterial,43.647906,-79.568042,Mid-Block,Non Intersection,No Control,Clear,Daylight,Dry,Non-Fatal Injury,Angle,Motorcycle Driver,unknown,None,False,False,True,True,False,False,True,False,False,False,15987,div13,district2
2020,2020/10/30,2331,THE QUEENSWAY,Major Arterial,43.623519,-79.514743,Intersection,At Intersection,Traffic Signal,Clear,Dark,Dry,Non-Fatal Injury,SMV Other,Driver,35 to 39,Major,False,False,True,False,False,True,False,False,True,False,16083,div13,district2
2020,2020/10/30,2331,THE QUEENSWAY,Major Arterial,43.623519,-79.514743,Intersection,At Intersection,Traffic Signal,Clear,Dark,Dry,Non-Fatal Injury,SMV Other,Passenger,30 to 34,Major,False,False,True,False,False,True,False,False,True,False,16084,div13,district2
2020,2020/03/29,1535,MARINE PARADE DR,Collector,43.623797,-79.477939,Mid-Block,Non Intersection,No Control,Clear,Daylight,Dry,Non-Fatal Injury,Cyclist Collisions,Cyclist,50 to 54,Major,False,True,True,False,False,False,False,False,False,False,16109,div13,district2
2020,2020/08/11,1109,THE EAST MALL,Minor Arterial,43.647765,-79.559978,Mid-Block (Abnormal),Non Intersection,Stop Sign,Clear,Daylight,Dry,Fatal,Pedestrian Collisions,Pedestrian,0 to 4,Fatal,True,False,True,False,False,False,False,False,False,False,16131,div13,district2
2019,2019/12/23,1415,ROYAL YORK RD,Minor Arterial,43.660304,-79.517085,Intersection,At Intersection,No Control,Clear,Daylight,Dry,Non-Fatal Injury,Turning Movement,Driver,65 to 69,Major,False,False,True,False,False,True,False,False,False,False,16132,div13,district2
2020,2020/06/16,2107,DUNDAS ST W,Major Arterial,43.658034,-79.51675,Mid-Block,Overpass or Bridge,No Control,Clear,Dark,Dry,Non-Fatal Injury,Rear End,Driver,25 to 29,Major,False,False,True,False,False,False,False,False,False,True,16133,div13,district2
2020,2020/11/20,1643,ROYAL YORK RD,Minor Arterial,43.616103,-79.498325,Intersection,At Intersection,No Control,Clear,Dusk,Dry,Fatal,Cyclist Collisions,Cyclist,55 to 59,Fatal,False,True,False,False,True,False,False,False,False,False,16135,div13,district2
2020,2020/08/11,1109,THE EAST MALL,Minor Arterial,43.647765,-79.559978,Mid-Block (Abnormal),Non Intersection,Stop Sign,Clear,Daylight,Dry,Fatal,Pedestrian Collisions,Pedestrian,35 to 39,Minor,True,False,True,False,False,False,False,False,False,False,16138,div13,district2
2019,2019/12/23,1415,ROYAL YORK RD,Minor Arterial,43.660304,-79.517085,Intersection,At Intersection,No Control,Clear,Daylight,Dry,Non-Fatal Injury,Turning Movement,Driver,55 to 59,Minimal,False,False,True,False,False,True,False,False,False,False,16139,div13,district2
2019,2019/10/10,2259,THE QUEENSWAY,Major Arterial,43.621298,-79.524844,Mid-Block,Non Intersection,No Control,Clear,"Dark, artificial",Dry,Non-Fatal Injury,Rear End,Driver,40 to 44,None,False,False,True,True,False,False,False,False,False,False,16140,div13,district2
2019,2019/12/23,1415,ROYAL YORK RD,Minor Arterial,43.660304,-79.517085,Intersection,At Intersection,No Control,Clear,Daylight,Dry,Non-Fatal Injury,Turning Movement,Passenger,15 to 19,Minor,False,False,True,False,False,True,False,False,False,False,16141,div13,district2
2020,2020/06/16,2107,DUNDAS ST W,Major Arterial,43.658034,-79.51675,Mid-Block,Overpass or Bridge,No Control,Clear,Dark,Dry,Non-Fatal Injury,Rear End,Driver,50 to 54,None,False,False,True,False,False,False,False,False,False,True,16142,div13,district2
2020,2020/11/20,1643,ROYAL YORK RD,Minor Arterial,43.616103,-79.498325,Intersection,At Intersection,No Control,Clear,Dusk,Dry,Fatal,Cyclist Collisions,Truck Driver,45 to 49,None,False,True,False,False,True,False,False,False,False,False,16143,div13,district2
2021,2021/01/29,1130,HORNER AVE,Major Arterial,43.607131,-79.520709,Intersection,At Intersection,Traffic Signal,Clear,Daylight,Dry,Non-Fatal Injury,Angle,Driver,20 to 24,Major,False,False,True,False,False,False,False,True,False,False,16145,div13,district2
2020,2020/08/11,1109,THE EAST MALL,Minor Arterial,43.647765,-79.559978,Mid-Block (Abnormal),Non Intersection,Stop Sign,Clear,Daylight,Dry,Fatal,Pedestrian Collisions,Driver,80 to 84,None,True,False,True,False,False,False,False,False,False,False,16146,div13,district2
2019,2019/10/10,2259,THE QUEENSWAY,Major Arterial,43.621298,-79.524844,Mid-Block,Non Intersection,No Control,Clear,"Dark, artificial",Dry,Non-Fatal Injury,Rear End,Motorcycle Driver,40 to 44,Major,False,False,True,True,False,False,False,False,False,False,16147,div13,district2
2020,2020/02/17,1949,LAKE SHORE BLVD W,Major Arterial,43.592768,-79.540553,Intersection,Intersection Related,No Control,Clear,"Dark, artificial",Dry,Non-Fatal Injury,Pedestrian Collisions,Driver,35 to 39,Minor,True,False,True,False,False,True,False,False,False,False,16171,div13,district2
2020,2020/02/17,1949,LAKE SHORE BLVD W,Major Arterial,43.592768,-79.540553,Intersection,Intersection Related,No Control,Clear,"Dark, artificial",Dry,Non-Fatal Injury,Pedestrian Collisions,Driver,30 to 34,None,True,False,True,False,False,True,False,False,False,False,16172,div13,district2
2020,2020/02/17,1949,LAKE SHORE BLVD W,Major Arterial,43.592768,-79.540553,Intersection,Intersection Related,No Control,Clear,"Dark, artificial",Dry,Non-Fatal Injury,Pedestrian Collisions,Passenger,20 to 24,None,True,False,True,False,False,True,False,False,False,False,16173,div13,district2
2020,2020/02/17,1949,LAKE SHORE BLVD W,Major Arterial,43.592768,-79.540553,Intersection,Intersection Related,No Control,Clear,"Dark, artificial",Dry,Non-Fatal Injury,Pedestrian Collisions,Passenger,25 to 29,None,True,False,True,False,False,True,False,False,False,False,16174,div13,district2
2020,2020/02/17,1949,LAKE SHORE BLVD W,Major Arterial,43.592768,-79.540553,Intersection,Intersection Related,No Control,Clear,"Dark, artificial",Dry,Non-Fatal Injury,Pedestrian Collisions,Pedestrian,30 to 34,Major,True,False,True,False,False,True,False,False,False,False,16175,div13,district2
2020,2020/03/03,1532,BLOOR ST W,Major Arterial,43.646804,-79.513545,Intersection,At Intersection,Stop Sign,Rain,Daylight,Wet,Non-Fatal Injury,Pedestrian Collisions,Driver,35 to 39,None,True,False,True,False,False,True,False,False,False,False,16207,div13,district2
2020,2020/03/03,1532,BLOOR ST W,Major Arterial,43.646804,-79.513545,Intersection,At Intersection,Stop Sign,Rain,Daylight,Wet,Non-Fatal Injury,Pedestrian Collisions,Passenger,5 to 9,None,True,False,True,False,False,True,False,False,False,False,16208,div13,district2
2020,2020/03/03,1532,BLOOR ST W,Major Arterial,43.646804,-79.513545,Intersection,At Intersection,Stop Sign,Rain,Daylight,Wet,Non-Fatal Injury,Pedestrian Collisions,Pedestrian,25 to 29,Major,True,False,True,False,False,True,False,False,False,False,16209,div13,district2
2020,2020/03/03,1726,SCARLETT RD,Minor Arterial,43.680697,-79.508807,Intersection,At Intersection,Traffic Signal,Clear,Dark,Wet,Non-Fatal Injury,Turning Movement,Driver,65 to 69,None,False,False,True,False,False,False,False,False,False,False,16210,div13,district2
2020,2020/03/03,1726,SCARLETT RD,Minor Arterial,43.680697,-79.508807,Intersection,At Intersection,Traffic Signal,Clear,Dark,Wet,Non-Fatal Injury,Turning Movement,Driver,35 to 39,Major,False,False,True,False,False,False,False,False,False,False,16211,div13,district2
2020,2020/03/03,1726,SCARLETT RD,Minor Arterial,43.680697,-79.508807,Intersection,At Intersection,Traffic Signal,Clear,Dark,Wet,Non-Fatal Injury,Turning Movement,Driver,50 to 54,None,False,False,True,False,False,False,False,False,False,False,16212,div13,district2
2020,2020/03/29,1535,MARINE PARADE DR,Collector,43.623797,-79.477939,Mid-Block,Non Intersection,No Control,Clear,Daylight,Dry,Non-Fatal Injury,Cyclist Collisions,Driver,25 to 29,None,False,True,True,False,False,False,False,False,False,False,16245,div13,district2
2021,2021/01/29,1130,HORNER AVE,Major Arterial,43.607131,-79.520709,Intersection,At Intersection,Traffic Signal,Clear,Daylight,Dry,Non-Fatal Injury,Angle,Driver,65 to 69,Major,False,False,True,False,False,False,False,True,False,False,16248,div13,district2
2020,2020/08/11,1109,THE EAST MALL,Minor Arterial,43.647765,-79.559978,Mid-Block (Abnormal),Non Intersection,Stop Sign,Clear,Daylight,Dry,Fatal,Pedestrian Collisions,Pedestrian,5 to 9,Minor,True,False,True,False,False,False,False,False,False,False,16249,div13,district2
2019,2019/10/11,1624,1166 ISLINGTON AVE,Major Arterial,43.641074,-79.521892,Mid-Block,Non Intersection,No Control,Clear,Daylight,Dry,Fatal,SMV Unattended Vehicle,Other,50 to 54,None,False,False,True,False,True,False,False,False,False,True,16288,div13,district2
2019,2019/10/11,1624,1166 ISLINGTON AVE,Major Arterial,43.641074,-79.521892,Mid-Block,Non Intersection,No Control,Clear,Daylight,Dry,Fatal,SMV Unattended Vehicle,Driver,50 to 54,Fatal,False,False,True,False,True,False,False,False,False,True,16295,div13,district2
2020,2020/06/27,1643,EGLINTON AVE W,Major Arterial,43.68389,-79.511417,Intersection,At Intersection,Traffic Signal,Clear,Daylight,Dry,Non-Fatal Injury,Cyclist Collisions,Driver,35 to 39,None,False,True,True,False,False,False,False,False,False,False,16339,div13,district2
2020,2020/06/27,1643,EGLINTON AVE W,Major Arterial,43.68389,-79.511417,Intersection,At Intersection,Traffic Signal,Clear,Daylight,Dry,Non-Fatal Injury,Cyclist Collisions,Cyclist,10 to 14,Major,False,True,True,False,False,False,False,False,False,False,16345,div13,district2
2020,2020/12/08,1856,CORDOVA AVE,Collector,43.647303,-79.525783,Mid-Block,Overpass or Bridge,No Control,Clear,Dark,Dry,Non-Fatal Injury,SMV Other,Driver,unknown,None,False,False,True,False,False,True,True,False,False,False,16372,div13,district2
2020,2020/12/08,1856,CORDOVA AVE,Collector,43.647303,-79.525783,Mid-Block,Overpass or Bridge,No Control,Clear,Dark,Dry,Non-Fatal Injury,SMV Other,Passenger,25 to 29,Major,False,False,True,False,False,True,True,False,False,False,16373,div13,district2
2020,2020/12/12,1811,BURNHAMTHORPE RD,Major Arterial,43.643267,-79.572444,Intersection,At Intersection,Traffic Signal,Clear,"Dusk, artificial",Dry,Non-Fatal Injury,Pedestrian Collisions,Driver,40 to 44,None,True,False,True,False,False,True,False,False,False,False,16378,div13,district2
2020,2020/12/12,1811,BURNHAMTHORPE RD,Major Arterial,43.643267,-79.572444,Intersection,At Intersection,Traffic Signal,Clear,"Dusk, artificial",Dry,Non-Fatal Injury,Pedestrian Collisions,Pedestrian,65 to 69,Major,True,False,True,False,False,True,False,False,False,False,16379,div13,district2
2020,2020/12/12,1811,BURNHAMTHORPE RD,Major Arterial,43.643267,-79.572444,Intersection,At Intersection,Traffic Signal,Clear,"Dusk, artificial",Dry,Non-Fatal Injury,Pedestrian Collisions,Passenger,80 to 84,None,True,False,True,False,False,True,False,False,False,False,16380,div13,district2
2020,2020/12/12,1811,BURNHAMTHORPE RD,Major Arterial,43.643267,-79.572444,Intersection,At Intersection,Traffic Signal,Clear,"Dusk, artificial",Dry,Non-Fatal Injury,Pedestrian Collisions,Passenger,70 to 74,None,True,False,True,False,False,True,False,False,False,False,16381,div13,district2
2020,2020/12/12,1811,BURNHAMTHORPE RD,Major Arterial,43.643267,-79.572444,Intersection,At Intersection,Traffic Signal,Clear,"Dusk, artificial",Dry,Non-Fatal Injury,Pedestrian Collisions,Passenger,5 to 9,None,True,False,True,False,False,True,False,False,False,False,16382,div13,district2
2020,2020/12/12,1811,BURNHAMTHORPE RD,Major Arterial,43.643267,-79.572444,Intersection,At Intersection,Traffic Signal,Clear,"Dusk, artificial",Dry,Non-Fatal Injury,Pedestrian Collisions,Passenger,35 to 39,None,True,False,True,False,False,True,False,False,False,False,16383,div13,district2
2020,2020/12/20,305,ISLINGTON AVE,Major Arterial,43.65129,-79.526355,Intersection,At Intersection,Traffic Signal,Rain,"Dark, artificial",Wet,Non-Fatal Injury,SMV Other,Driver,15 to 19,Major,False,False,True,False,False,True,True,False,True,False,16393,div13,district2
2020,2020/12/20,305,ISLINGTON AVE,Major Arterial,43.65129,-79.526355,Intersection,At Intersection,Traffic Signal,Rain,"Dark, artificial",Wet,Non-Fatal Injury,SMV Other,Passenger,15 to 19,Major,False,False,True,False,False,True,True,False,True,False,16394,div13,district2
2020,2020/12/20,305,ISLINGTON AVE,Major Arterial,43.65129,-79.526355,Intersection,At Intersection,Traffic Signal,Rain,"Dark, artificial",Wet,Non-Fatal Injury,SMV Other,Passenger,15 to 19,Major,False,False,True,False,False,True,True,False,True,False,16395,div13,district2
2020,2020/12/25,318,BURNHAMTHORPE RD,Major Arterial,43.641318,-79.579822,Mid-Block,Non Intersection,No Control,Snow,"Dark, artificial",Loose Snow,Non-Fatal Injury,SMV Other,Driver,50 to 54,Major,False,False,True,False,False,True,False,False,False,False,16398,div13,district2
2020,2020/12/25,318,BURNHAMTHORPE RD,Major Arterial,43.641318,-79.579822,Mid-Block,Non Intersection,No Control,Snow,"Dark, artificial",Loose Snow,Non-Fatal Injury,SMV Other,Passenger,65 to 69,Minor,False,False,True,False,False,True,False,False,False,False,16399,div13,district2
2021,2021/02/11,945,DUNDAS ST W,Major Arterial,43.630305,-79.549777,Intersection,At Intersection,Traffic Signal,Clear,Daylight,Dry,Non-Fatal Injury,Pedestrian Collisions,Driver,60 to 64,None,True,False,False,False,False,False,False,True,False,False,16439,div13,district2
2021,2021/02/11,945,DUNDAS ST W,Major Arterial,43.630305,-79.549777,Intersection,At Intersection,Traffic Signal,Clear,Daylight,Dry,Non-Fatal Injury,Pedestrian Collisions,Pedestrian,45 to 49,Major,True,False,False,False,False,False,False,True,False,False,16444,div13,district2
2021,2021/02/12,126,65 SHORNCLIFFE RD,Minor Arterial,43.627532,-79.542835,Intersection,Intersection Related,No Control,Clear,"Dark, artificial",Dry,Non-Fatal Injury,SMV Other,Driver,20 to 24,Major,False,False,True,False,False,True,False,False,False,False,16450,div13,district2
2021,2021/02/12,126,65 SHORNCLIFFE RD,Minor Arterial,43.627532,-79.542835,Intersection,Intersection Related,No Control,Clear,"Dark, artificial",Dry,Non-Fatal Injury,SMV Other,Passenger,20 to 24,Minor,False,False,True,False,False,True,False,False,False,False,16456,div13,district2
2020,2020/08/25,1011,ROYAL YORK RD,Minor Arterial,43.618308,-79.499255,Intersection,At Intersection,No Control,Clear,Daylight,Dry,Non-Fatal Injury,Cyclist Collisions,Driver,30 to 34,None,False,True,True,False,False,False,False,False,False,False,16557,div13,district2
2020,2020/08/25,1011,ROYAL YORK RD,Minor Arterial,43.618308,-79.499255,Intersection,At Intersection,No Control,Clear,Daylight,Dry,Non-Fatal Injury,Cyclist Collisions,Cyclist,50 to 54,Major,False,True,True,False,False,False,False,False,False,False,16564,div13,district2
2020,2020/07/18,218,RIVERWOOD PKWY,Local,43.640029,-79.490817,Mid-Block,Non Intersection,No Control,Clear,"Dark, artificial",Dry,Non-Fatal Injury,SMV Other,Motorcycle Driver,25 to 29,Major,False,False,False,True,False,False,False,False,False,False,16603,div13,district2
2019,2019/10/27,238,NEILSON DR,Local,43.630858,-79.563861,Mid-Block,Non Intersection,No Control,Rain,Dark,Wet,Non-Fatal Injury,SMV Other,Driver,20 to 24,Major,False,False,True,False,False,False,False,False,False,False,16656,div13,district2
2020,2020/09/04,431,DUNDAS ST W,Major Arterial,43.655867,-79.522228,Mid-Block,Non Intersection,No Control,Clear,"Dark, artificial",Dry,Fatal,SMV Other,Motorcycle Driver,30 to 34,Fatal,False,False,False,True,False,False,False,False,False,False,16680,div13,district2
2020,2020/09/04,431,DUNDAS ST W,Major Arterial,43.655867,-79.522228,Mid-Block,Non Intersection,No Control,Clear,"Dark, artificial",Dry,Fatal,SMV Other,Other,unknown,Other,False,False,False,True,False,False,False,False,False,False,16688,div13,district2
2020,2020/05/04,1847,THE QUEENSWAY,Major Arterial,43.630309,-79.484218,Intersection,At Intersection,Traffic Signal,Clear,Daylight,Dry,Non-Fatal Injury,Turning Movement,Driver,40 to 44,Major,False,False,True,False,False,False,False,True,False,False,16696,div13,district2
2020,2020/05/04,1847,THE QUEENSWAY,Major Arterial,43.630309,-79.484218,Intersection,At Intersection,Traffic Signal,Clear,Daylight,Dry,Non-Fatal Injury,Turning Movement,Driver,35 to 39,Minimal,False,False,True,False,False,False,False,True,False,False,16703,div13,district2
2020,2020/05/04,1847,THE QUEENSWAY,Major Arterial,43.630309,-79.484218,Intersection,At Intersection,Traffic Signal,Clear,Daylight,Dry,Non-Fatal Injury,Turning Movement,Driver,45 to 49,Minor,False,False,True,False,False,False,False,True,False,False,16711,div13,district2
2020,2020/01/17,2140,THE EAST MALL,Minor Arterial,43.622786,-79.549739,Intersection,At Intersection,No Control,Clear,"Dark, artificial",Dry,Non-Fatal Injury,Sideswipe,Driver,30 to 34,Major,False,False,True,False,False,False,False,False,True,False,16762,div13,district2
2020,2020/07/28,700,STANLEY AVE,Local,43.614997,-79.494197,Intersection,Intersection Related,Stop Sign,Clear,Daylight,Dry,Fatal,Pedestrian Collisions,Pedestrian,80 to 84,Fatal,True,False,True,False,False,False,False,False,False,False,16763,div13,district2
2020,2020/01/17,2140,THE EAST MALL,Minor Arterial,43.622786,-79.549739,Intersection,At Intersection,No Control,Clear,"Dark, artificial",Dry,Non-Fatal Injury,Sideswipe,Driver,40 to 44,Minor,False,False,True,False,False,False,False,False,True,False,16770,div13,district2
2020,2020/07/28,700,STANLEY AVE,Local,43.614997,-79.494197,Intersection,Intersection Related,Stop Sign,Clear,Daylight,Dry,Fatal,Pedestrian Collisions,Driver,65 to 69,Minimal,True,False,True,False,False,False,False,False,False,False,16771,div13,district2
2020,2020/05/16,1752,RATHBURN RD,Minor Arterial,43.650893,-79.58118,Intersection,At Intersection,No Control,Clear,Daylight,Dry,Non-Fatal Injury,SMV Other,Motorcycle Driver,20 to 24,Major,False,False,False,True,False,False,True,False,False,False,16793,div13,district2
2020,2020/01/20,1658,ISLINGTON AVE,Major Arterial,43.662558,-79.531223,Intersection,Intersection Related,No Control,Clear,Daylight,Loose Snow,Non-Fatal Injury,Pedestrian Collisions,Driver,45 to 49,None,True,False,False,False,False,False,False,False,False,False,16798,div13,district2
2020,2020/01/20,1658,ISLINGTON AVE,Major Arterial,43.662558,-79.531223,Intersection,Intersection Related,No Control,Clear,Daylight,Loose Snow,Non-Fatal Injury,Pedestrian Collisions,Pedestrian,15 to 19,Major,True,False,False,False,False,False,False,False,False,False,16802,div13,district2
2021,2021/03/23,1218,BURNHAMTHORPE RD,Major Arterial,43.639132,-79.584323,Intersection,At Intersection,Traffic Signal,Clear,Daylight,Dry,Non-Fatal Injury,Turning Movement,Driver,15 to 19,Major,False,False,True,False,False,True,False,False,False,False,16813,div13,district2
2021,2021/03/23,1218,BURNHAMTHORPE RD,Major Arterial,43.639132,-79.584323,Intersection,At Intersection,Traffic Signal,Clear,Daylight,Dry,Non-Fatal Injury,Turning Movement,Driver,30 to 34,None,False,False,True,False,False,True,False,False,False,False,16814,div13,district2
2020,2020/07/30,1950,ISLINGTON AVE,Major Arterial,43.644576,-79.523395,Intersection,At Intersection,Traffic Signal,Clear,Daylight,Dry,Non-Fatal Injury,Turning Movement,Driver,45 to 49,None,False,False,True,True,False,False,False,False,False,False,16820,div13,district2
2021,2021/03/23,1218,BURNHAMTHORPE RD,Major Arterial,43.639132,-79.584323,Intersection,At Intersection,Traffic Signal,Clear,Daylight,Dry,Non-Fatal Injury,Turning Movement,Passenger,10 to 14,None,False,False,True,False,False,True,False,False,False,False,16823,div13,district2
2021,2021/03/23,1218,BURNHAMTHORPE RD,Major Arterial,43.639132,-79.584323,Intersection,At Intersection,Traffic Signal,Clear,Daylight,Dry,Non-Fatal Injury,Turning Movement,Passenger,10 to 14,None,False,False,True,False,False,True,False,False,False,False,16825,div13,district2
2020,2020/07/30,1950,ISLINGTON AVE,Major Arterial,43.644576,-79.523395,Intersection,At Intersection,Traffic Signal,Clear,Daylight,Dry,Non-Fatal Injury,Turning Movement,Motorcycle Driver,25 to 29,Major,False,False,True,True,False,False,False,False,False,False,16828,div13,district2
2020,2020/05/19,1952,BURNHAMTHORPE RD,Major Arterial,43.639434,-79.583965,Mid-Block,Non Intersection,No Control,Clear,Daylight,Dry,Fatal,SMV Other,Motorcycle Driver,60 to 64,Fatal,False,False,False,True,False,False,False,False,False,False,16832,div13,district2
2020,2020/08/07,700,HORNER AVE,Minor Arterial,43.602622,-79.540775,Intersection,At Intersection,Stop Sign,Clear,Daylight,Dry,Non-Fatal Injury,Turning Movement,Driver,55 to 59,None,False,False,True,True,False,False,False,False,False,False,16852,div13,district2
2020,2020/08/07,700,HORNER AVE,Minor Arterial,43.602622,-79.540775,Intersection,At Intersection,Stop Sign,Clear,Daylight,Dry,Non-Fatal Injury,Turning Movement,Motorcycle Driver,30 to 34,Major,False,False,True,True,False,False,False,False,False,False,16858,div13,district2
2020,2020/01/31,845,LAKE SHORE BLVD W,Major Arterial,43.59801,-79.517459,Mid-Block,Non Intersection,No Control,Clear,Daylight,Dry,Non-Fatal Injury,Other,Driver,60 to 64,None,False,False,False,False,False,True,False,False,False,False,16904,div13,district2
2020,2020/05/29,2007,ERINGATE DR,Collector,43.662154,-79.57648,Intersection,At Intersection,No Control,Clear,Daylight,Dry,Non-Fatal Injury,SMV Other,Driver,55 to 59,Major,False,False,True,False,False,False,True,False,False,False,16910,div13,district2
2020,2020/01/31,845,LAKE SHORE BLVD W,Major Arterial,43.59801,-79.517459,Mid-Block,Non Intersection,No Control,Clear,Daylight,Dry,Non-Fatal Injury,Other,Passenger,70 to 74,Major,False,False,False,False,False,True,False,False,False,False,16911,div13,district2
2019,2019/12/13,1653,BLOOR ST W,Major Arterial,43.645594,-79.518939,Intersection,At Intersection,Traffic Signal,Clear,"Dusk, artificial",Dry,Non-Fatal Injury,Cyclist Collisions,Driver,40 to 44,None,False,True,True,False,False,False,False,False,False,False,16914,div13,district2
2019,2019/12/13,1653,BLOOR ST W,Major Arterial,43.645594,-79.518939,Intersection,At Intersection,Traffic Signal,Clear,"Dusk, artificial",Dry,Non-Fatal Injury,Cyclist Collisions,Cyclist,15 to 19,Major,False,True,True,False,False,False,False,False,False,False,16921,div13,district2
2019,2019/12/16,1555,4600 DUNDAS ST W,Major Arterial,43.656188,-79.521854,Mid-Block,At/Near Private Drive,No Control,Clear,Daylight,Dry,Non-Fatal Injury,Approaching,Driver,75 to 79,Major,False,False,True,False,False,True,False,False,False,False,16973,div13,district2
2019,2019/12/16,1555,4600 DUNDAS ST W,Major Arterial,43.656188,-79.521854,Mid-Block,At/Near Private Drive,No Control,Clear,Daylight,Dry,Non-Fatal Injury,Approaching,Driver,70 to 74,Minor,False,False,True,False,False,True,False,False,False,False,16975,div13,district2